위험분류,지갑주소
Phishing/Scam,degenalgo.art
Phishing/Scam,freemint-wl.com
Phishing/Scam,www.hiddenkittencty.hey-mint.xyz
Phishing/Scam,www.parallelmint.com
Phishing/Scam,playblankos.xyz
Phishing/Scam,corntonw.com
Phishing/Scam,www.corntonw.com
Phishing/Scam,parallelmint.com
Phishing/Scam,gangsterallstar.bond
Phishing/Scam,helixfreemint.com
Phishing/Scam,www.helixfreemint.com
Phishing/Scam,6529re.com
Phishing/Scam,www.eatcolective.com
Phishing/Scam,www.gangsterall.com
Phishing/Scam,sneakerheads-official.xyz
Phishing/Scam,munkonft.xyz
Phishing/Scam,bullsapesproject.xyz
Phishing/Scam,gangsterall.com
Phishing/Scam,oxyaorigin-freemint.xyz
Phishing/Scam,be-vee.xyz
Phishing/Scam,gakkonfts.xyz
Phishing/Scam,tracerofficial.wl-premints.xyz
Phishing/Scam,www.tracerofficial.wl-premints.xyz
Phishing/Scam,legendsofmetaverse.wl-premints.xyz
Phishing/Scam,www.legendsofmetaverse.wl-premints.xyz
Phishing/Scam,y00tsyachtclub.wl-premints.xyz
Phishing/Scam,www.kitaroworld.wl-premints.xyz
Phishing/Scam,www.y00tsyachtclub.wl-premints.xyz
Phishing/Scam,xn--oxyaorgn-h2ab.com
Phishing/Scam,www.cryptopunks.wl-premints.xyz
Phishing/Scam,www.proof.wl-premints.xyz
Phishing/Scam,www.los-muertos.wl-premints.xyz
Phishing/Scam,alienfrens.wl-premints.xyz
Phishing/Scam,proof.wl-premints.xyz
Phishing/Scam,www.habbonft.wl-premints.xyz
Phishing/Scam,los-muertos.wl-premints.xyz
Phishing/Scam,habbonft.wl-premints.xyz
Phishing/Scam,www.alienfrens.wl-premints.xyz
Phishing/Scam,cryptopunks.wl-premints.xyz
Phishing/Scam,genuineundeadnft.xyz
Phishing/Scam,footiumnft.xyz
Phishing/Scam,leaguekingdomms.xyz
Phishing/Scam,nikitabieer.xyz
Phishing/Scam,mee6nft.live
Phishing/Scam,www.leaguekingdomms.xyz
Phishing/Scam,corntownwttf.xyz
Phishing/Scam,ambrus-studio.xyz
Phishing/Scam,niftypertal.xyz
Phishing/Scam,ethlizairds.xyz
Phishing/Scam,mgxsco.xyz
Phishing/Scam,www.supercutenfft.xyz
Phishing/Scam,fuzzy-fighterrs.xyz
Phishing/Scam,www.plutuslandnfft.xyz
Phishing/Scam,toolsofrocknfft.xyz
Phishing/Scam,sleepyslothssc.xyz
Phishing/Scam,machinanfts.xyz
Phishing/Scam,arzagames.com
Phishing/Scam,www.tipmeacoffeee.xyz
Phishing/Scam,vspass.xyz
Phishing/Scam,robotosnft.xyz
Phishing/Scam,eightbitnfts.xyz
Phishing/Scam,8pes-official.xyz
Phishing/Scam,neverfeartruth-freemint.xyz
Phishing/Scam,cloneforce-freemint.xyz
Phishing/Scam,theparallax-freemint.xyz
Phishing/Scam,phantom-network.xyz
Phishing/Scam,japanese-bapes.xyz
Phishing/Scam,www.helixmints.com
Phishing/Scam,galyversenft.net
Phishing/Scam,freemint-citydao.xyz
Phishing/Scam,galaxyfight-freemint.xyz
Phishing/Scam,habbonft-freemint.xyz
Phishing/Scam,freemint-atsnft.xyz
Phishing/Scam,tbachronicles-freemint.xyz
Phishing/Scam,godhatosnftees.xyz
Phishing/Scam,alphagang.live
Phishing/Scam,invisiblefriends.web-freemint.com
Phishing/Scam,weirdoghostgangnft.xyz
Phishing/Scam,otherside.wl-premints.xyz
Phishing/Scam,www.otherside.wl-premints.xyz
Phishing/Scam,www.naughtyz.wl-premint.com
Phishing/Scam,mint-lonelypop.com
Phishing/Scam,www.mint-lonelypop.com
Phishing/Scam,ghxsts.live
Phishing/Scam,apegangnfft.xyz
Phishing/Scam,kaijukingz.ink
Phishing/Scam,twitterscan.free-wl.com
Phishing/Scam,apiens.live
Phishing/Scam,rugradionft.live
Phishing/Scam,888neko.xyz
Phishing/Scam,cryptoongoonz.ink
Phishing/Scam,operationsins.com
Phishing/Scam,alienfrensnft.live
Phishing/Scam,curiocards.live
Phishing/Scam,degeneracy.live
Phishing/Scam,multicoin-pad.net
Phishing/Scam,metasync-id.com
Phishing/Scam,revoke.cyou
Phishing/Scam,thedogepound.live
Phishing/Scam,www.akakomm.com
Phishing/Scam,polarbearsnnft.xyz
Phishing/Scam,veeconnft.live
Phishing/Scam,thezerks.xyz
Phishing/Scam,nanoversehqnft.live
Phishing/Scam,coolcatsnft.wl-premint.com
Phishing/Scam,renga.free-premints.com
Phishing/Scam,shitverse.live
Phishing/Scam,kitaroworld.wl-premints.xyz
Phishing/Scam,akakomm.com
Phishing/Scam,lacoste-undw3.live
Phishing/Scam,cybertokyonft.hey-mint.xyz
Phishing/Scam,www.cybertokyonft.hey-mint.xyz
Phishing/Scam,kprverse.xyz
Phishing/Scam,worldwidenft.live
Phishing/Scam,www.icy-toools.xyz
Phishing/Scam,www.shibaclubnfft.xyz
Phishing/Scam,www.smartbeastnft.io
Phishing/Scam,tableland.live
Phishing/Scam,bosotokyo.live
Phishing/Scam,gobiintowns.wtf
Phishing/Scam,heroesvillainsnft.xyz
Phishing/Scam,boredanddangerous.wl-premint.com
Phishing/Scam,www.woodlanderz.wl-premint.com
Phishing/Scam,www.llamaverse.wl-premint.com
Phishing/Scam,www.boredanddangerous.wl-premint.com
Phishing/Scam,metaflexer.wl-premint.com
Phishing/Scam,skydancer.wl-premint.com
Phishing/Scam,woodlanderz.wl-premint.com
Phishing/Scam,www.doodles.wl-premint.com
Phishing/Scam,www.skydancer.wl-premint.com
Phishing/Scam,www.beefyblokes.wl-premint.com
Phishing/Scam,pecland.wl-premint.com
Phishing/Scam,www.pecland.wl-premint.com
Phishing/Scam,www.metaflexer.wl-premint.com
Phishing/Scam,beefyblokes.wl-premint.com
Phishing/Scam,kinkverse.wl-premint.com
Phishing/Scam,www.kinkverse.wl-premint.com
Phishing/Scam,naughtyz.wl-premint.com
Phishing/Scam,doodles.wl-premint.com
Phishing/Scam,www.boredapeyachtclub.wl-premint.com
Phishing/Scam,primeapeplanet.wl-premint.com
Phishing/Scam,dreamlandggen.xyz
Phishing/Scam,thelastabysss.xyz
Phishing/Scam,blitmmap.xyz
Phishing/Scam,nftmint.finance
Phishing/Scam,tbachroniclles.xyz
Phishing/Scam,www.tbachroniclles.xyz
Phishing/Scam,ikigaibox.art
Phishing/Scam,www.nabulinesnft.com
Phishing/Scam,otheirside.xyz
Phishing/Scam,oncybers.xyz
Phishing/Scam,aswangtribenft.com
Phishing/Scam,budweiseruusa.xyz
Phishing/Scam,thelazybunnynnft.xyz
Phishing/Scam,www.coolcatsnft.wl-premint.com
Phishing/Scam,www.primeapeplanet.wl-premint.com
Phishing/Scam,boredapeyachtclub.wl-premint.com
Phishing/Scam,llamaverse.wl-premint.com
Phishing/Scam,www.arzagames.com
Phishing/Scam,mv3nft.live
Phishing/Scam,themaguus-nfts.free300mints.com
Phishing/Scam,bossbeautiies.xyz
Phishing/Scam,my-bff.xyz
Phishing/Scam,outsadofficial.xyz
Phishing/Scam,creatureworld-freemint.xyz
Phishing/Scam,goblintoown.xyz
Phishing/Scam,edenhorde-official.xyz
Phishing/Scam,finiliari.xyz
Phishing/Scam,deadofellaz.xyz
Phishing/Scam,freemint-toxicskullsclub.xyz
Phishing/Scam,mekaverse.cyou
Phishing/Scam,cryptozoocco.xyz
Phishing/Scam,fungiblefunngi.xyz
Phishing/Scam,cryptostacyys.xyz
Phishing/Scam,www.dogsofeloon.xyz
Phishing/Scam,www.billym22k.xyz
Phishing/Scam,www.battleverse-iio.xyz
Phishing/Scam,slothrooob.xyz
Phishing/Scam,www.toolsofrocknfft.xyz
Phishing/Scam,kittycryptogang.io
Phishing/Scam,coolcats.web-freemint.com
Phishing/Scam,quirkies.web-freemint.com
Phishing/Scam,flickplay.live
Phishing/Scam,boredapeyc.web-freemint.com
Phishing/Scam,angrycat.live
Phishing/Scam,shikigai.live
Phishing/Scam,metashima.xyz
Phishing/Scam,pekingmonsters.live
Phishing/Scam,elysiumclub.xyz
Phishing/Scam,moonbirds.web-freemint.com
Phishing/Scam,chimpers.web-freemint.com
Phishing/Scam,cryptopunks.web-freemint.com
Phishing/Scam,worldofwomen.web-freemint.com
Phishing/Scam,rtfkt.web-freemint.com
Phishing/Scam,flufworld.web-freemint.com
Phishing/Scam,doodlesnft.web-freemint.com
Phishing/Scam,veefriends.web-freemint.com
Phishing/Scam,otherside.web-freemint.com
Phishing/Scam,azuki.web-freemint.com
Phishing/Scam,warpsoundnft.xyz
Phishing/Scam,rektguoy.xyz
Phishing/Scam,thekingshipnft.xyz
Phishing/Scam,www.rplanetnfft.xyz
Phishing/Scam,owangenfft.xyz
Phishing/Scam,weirdoghostganng.xyz
Phishing/Scam,www.woodlandrrz.xyz
Phishing/Scam,hexgo-nfft.xyz
Phishing/Scam,www.seasonsnfft.xyz
Phishing/Scam,www.cybercityinnc.xyz
Phishing/Scam,moonshe-nfft.xyz
Phishing/Scam,pre-mintnfts.xyz
Phishing/Scam,liquidity-miningtop.com
Phishing/Scam,liquidity-mining-top.com
Phishing/Scam,liquidity-miningserve.com
Phishing/Scam,liquidity-mining-concept.com
Phishing/Scam,www.coinbasedefi.one
Phishing/Scam,deepobjects.claims
Phishing/Scam,disneyprincessnft.com
Phishing/Scam,primekongplanet.xyz
Phishing/Scam,goonsnft.live
Phishing/Scam,canisdaao.xyz
Phishing/Scam,www.cybertokyo-oox.xyz
Phishing/Scam,cryptodadsnft.xyz
Phishing/Scam,mm3nft-freemint.xyz
Phishing/Scam,mint-moonstrike.xyz
Phishing/Scam,lilnounsnft.xyz
Phishing/Scam,fancybearismetaverse.xyz
Phishing/Scam,krapopolisnft.live
Phishing/Scam,www.bbots19884.xyz
Phishing/Scam,www.lostleadersnfft.xyz
Phishing/Scam,www.theofficiala77x.xyz
Phishing/Scam,thegodlynfft.xyz
Phishing/Scam,funkywolvees.xyz
Phishing/Scam,memelordnftts.xyz
Phishing/Scam,rplanetnfft.xyz
Phishing/Scam,www.crazykoalasnfft.xyz
Phishing/Scam,www.funkywolvees.xyz
Phishing/Scam,www.fuzzy-fighterrs.xyz
Phishing/Scam,www.dudulabnfft.xyz
Phishing/Scam,wagmiunited.live
Phishing/Scam,galaxyeggs.live
Phishing/Scam,based-ghouls.xyz
Phishing/Scam,freemint-3landers.xyz
Phishing/Scam,refik-anadol.xyz
Phishing/Scam,www.sansoundnft.com
Phishing/Scam,taunetworknft.xyz
Phishing/Scam,spaceridersnft.xyz
Phishing/Scam,alphacentaurikidnft.xyz
Phishing/Scam,weaboveofficial.xyz
Phishing/Scam,trait-sniper.xyz
Phishing/Scam,thehaasbrothers-freemint.xyz
Phishing/Scam,atemcarclub-freemint.xyz
Phishing/Scam,rootroopnft.xyz
Phishing/Scam,plurapeclubnft.xyz
Phishing/Scam,theeverai.xyz
Phishing/Scam,samuraisaganfts.xyz
Phishing/Scam,gemmanft.xyz
Phishing/Scam,gamanft.xyz
Phishing/Scam,arcade-official.xyz
Phishing/Scam,tokunappnft.xyz
Phishing/Scam,sansoundnft.com
Phishing/Scam,www.thechimpson.com
Phishing/Scam,aceminersnft.xyz
Phishing/Scam,ponzipanthers.io
Phishing/Scam,shiikig.xyz
Phishing/Scam,superfulnft.xyz
Phishing/Scam,fancybears.live
Phishing/Scam,mint-kitaros.xyz
Phishing/Scam,xqui.wl-premint.cc
Phishing/Scam,www.thisismuricanfts.com
Phishing/Scam,pxquesst.free300mints.com
Phishing/Scam,gangsteralstar.xyz
Phishing/Scam,www.metaflexer.club
Phishing/Scam,bganpunks.xyz
Phishing/Scam,evaverse-freemint.xyz
Phishing/Scam,3gm-freemint.com
Phishing/Scam,www.3gm-freemint.com
Phishing/Scam,thechimpson.com
Phishing/Scam,mintrenga.xyz
Phishing/Scam,sneaksofnature.live
Phishing/Scam,spiritgatesnft.xyz
Phishing/Scam,io-shopping.xyz
Phishing/Scam,starvsp.fun
Phishing/Scam,www.mpeace.fun
Phishing/Scam,www.starvsp.fun
Phishing/Scam,kideighht.xyz
Phishing/Scam,www.zapper-ffi.xyz
Phishing/Scam,dinoschiibi.free300mints.com
Phishing/Scam,cryptocannacllub.free300mints.com
Phishing/Scam,mpeace.fun
Phishing/Scam,xn--pixemon-qjb.com
Phishing/Scam,metagenshin.xyz
Phishing/Scam,defi-usdt.live
Phishing/Scam,nuclearnerds.live
Phishing/Scam,losmuertos.live
Phishing/Scam,alphakongsofficial.xyz
Phishing/Scam,bokiofficial.xyz
Phishing/Scam,metalegendsnft.live
Phishing/Scam,www.metagenshin.xyz
Phishing/Scam,www.worldofwomen.cyou
Phishing/Scam,guttercatgang.cyou
Phishing/Scam,veefriends.cyou
Phishing/Scam,metropolis-worldnft.xyz
Phishing/Scam,highrise-freemint.xyz
Phishing/Scam,metrograd.xyz
Phishing/Scam,webaveorse.xyz
Phishing/Scam,pluto-alliance.xyz
Phishing/Scam,ezekcllub.free300mints.com
Phishing/Scam,astroarmadillosnft.xyz
Phishing/Scam,www.chainsaw.bond
Phishing/Scam,impostors.bar
Phishing/Scam,www.impostors.bar
Phishing/Scam,chainsaw.bond
Phishing/Scam,www.cryptoadz.bond
Phishing/Scam,www.guttercatgang.cyou
Phishing/Scam,proof.bond
Phishing/Scam,www.veefriends.cyou
Phishing/Scam,dirtyrobot.bar
Phishing/Scam,worldofwomen.cyou
Phishing/Scam,cryptowheelsclub.io
Phishing/Scam,illogicsnft.live
Phishing/Scam,mee6nfts.xyz
Phishing/Scam,ledger-freemint.live
Phishing/Scam,uniswapclaim.store
Phishing/Scam,airdropuniswap.com
Phishing/Scam,v3lpuniswap.com
Phishing/Scam,uniswaplpv3.com
Phishing/Scam,uniswapv3lp.com
Phishing/Scam,otherside-freemint.xyz
Phishing/Scam,the-othersidemeta.com
Phishing/Scam,savagekittens.wtf
Phishing/Scam,thesaudisnft.wtf
Phishing/Scam,x2y2y.com
Phishing/Scam,x2y2x.com
Phishing/Scam,moonbirds-oddities.xyz
Phishing/Scam,othersideloadtest.xyz
Phishing/Scam,onyxnftbot.netlify.app
Phishing/Scam,saudisnfts.com
Phishing/Scam,uniswaplp.com
Phishing/Scam,bagners.art
Phishing/Scam,moonrunnerz.io
Phishing/Scam,get-adidas.com
Phishing/Scam,rtfktpoap.com
Phishing/Scam,moonrunners.live
Phishing/Scam,pieceoffshit.wtf
Phishing/Scam,gossamerseed.world
Phishing/Scam,xcubex.com
Phishing/Scam,pabloslol.wtf
Phishing/Scam,piecesofshits.wtf
Phishing/Scam,goblintown.gift
Phishing/Scam,thecodepunk.netlify.app
Phishing/Scam,thegoda.live
Phishing/Scam,weareallgoingtodie.wtf
Phishing/Scam,goblingirlfriends.wtf
Phishing/Scam,beings.live
Phishing/Scam,thesaudisclaim.com
Phishing/Scam,moonxbirds.xyz
Phishing/Scam,cyberbrokersnft.art
Phishing/Scam,lostskulls.wtf
Phishing/Scam,beginasnothing.art
Phishing/Scam,itsnothing.art
Phishing/Scam,doodles-legendary.com
Phishing/Scam,cocacolanft.live
Phishing/Scam,nft-goblin.town
Phishing/Scam,goblin-town.art
Phishing/Scam,elftownz.wtf
Phishing/Scam,otherside-metaverse.com
Phishing/Scam,premintnfts.xyz
Phishing/Scam,otherside-nft.app
Phishing/Scam,goblentown.com
Phishing/Scam,goblintown.bz
Phishing/Scam,goblintownwft.xyz
Phishing/Scam,airdropit.org
Phishing/Scam,ninjadao-cnp-pj.com
Phishing/Scam,nft-ftc.com
Phishing/Scam,goblin-town.app
Phishing/Scam,goblin-town.net
Phishing/Scam,burgers-goblintown.wtf
Phishing/Scam,piecesofshit.wtf
Phishing/Scam,chimpersnft.art
Phishing/Scam,goblintowngwtf.xyz
Phishing/Scam,goblintownwtf.org
Phishing/Scam,aikosvirtual.com
Phishing/Scam,possessdpixels.xyz
Phishing/Scam,godhatespixels.com
Phishing/Scam,ninja-dao.claims
Phishing/Scam,ainightblrds.com
Phishing/Scam,doodles-raffle.com
Phishing/Scam,chromie-squiggle.com
Phishing/Scam,doodles2-reveal.com
Phishing/Scam,claimdoodles.app
Phishing/Scam,pieceofshits.wtf
Phishing/Scam,otherside.contact
Phishing/Scam,goblintowns.world
Phishing/Scam,game-otherside.io
Phishing/Scam,doodles.plus
Phishing/Scam,game-otherside.xyz
Phishing/Scam,goblintonwtf.com
Phishing/Scam,goblintown.cafe
Phishing/Scam,gobblintown.wtf
Phishing/Scam,goblintomwtf.com
Phishing/Scam,moonrunnersofficial.com
Phishing/Scam,ezekclub.net
Phishing/Scam,trapstatue.netlify.app
Phishing/Scam,cyberunicorn.netlify.app
Phishing/Scam,othersidemint.net
Phishing/Scam,deadapeclub.netlify.app
Phishing/Scam,audi-meta.com
Phishing/Scam,ape-ciaim-stepn.com
Phishing/Scam,uniswapv2lp.com
Phishing/Scam,meta-monsters.xyz
Phishing/Scam,gmstudios.art
Phishing/Scam,doodlesgenesisbox.com
Phishing/Scam,airdrop-premint.xyz
Phishing/Scam,crazycryptocats.netlify.app
Phishing/Scam,angrydinos-nft.com
Phishing/Scam,premintsnft.com
Phishing/Scam,secondtrip-otherside.xyz
Phishing/Scam,moonrunners.life
Phishing/Scam,gmstudio.gallery
Phishing/Scam,godhatesnftees.net
Phishing/Scam,premint-pass.xyz
Phishing/Scam,anatomic-ape.netlify.app
Phishing/Scam,othersideclaims.xyz
Phishing/Scam,maskedmonkey.art
Phishing/Scam,mintdoodles.net
Phishing/Scam,army-ape.netlify.app
Phishing/Scam,theakira.netlify.app
Phishing/Scam,degenghost.com
Phishing/Scam,nickelodeon-claim.net
Phishing/Scam,bored-ape-reincarnated.netlify.app
Phishing/Scam,eternal-apes.netlify.app
Phishing/Scam,degenghosts-gang.club
Phishing/Scam,x2y2app.com
Phishing/Scam,premint-xyz.com
Phishing/Scam,cryptopunks-events.xyz
Phishing/Scam,ghost-town.xyz
Phishing/Scam,mintmemelandpotatoz.com
Phishing/Scam,memesailors.xyz
Phishing/Scam,firefaces.netlify.app
Phishing/Scam,adidasphase3.com
Phishing/Scam,memeland-claim.com
Phishing/Scam,app-airdrop-uniswap.org
Phishing/Scam,goblintowntf.online
Phishing/Scam,thesaudigoblins.wtf
Phishing/Scam,thesaudisnfts.xyz
Phishing/Scam,zombieart.netlify.app
Phishing/Scam,skaterghosts.wtf
Phishing/Scam,moonrunners.info
Phishing/Scam,goodminds.art
Phishing/Scam,dooodlies.com
Phishing/Scam,moonbirds-coin.xyz
Phishing/Scam,goblinstown.art
Phishing/Scam,artblockes.io
Phishing/Scam,chromie-squiggle.art
Phishing/Scam,goblintowm.one
Phishing/Scam,claim.boredapesfest.com
Phishing/Scam,thespacedoodles.app
Phishing/Scam,genesisbox-doodles.app
Phishing/Scam,sandbox-mint.xyz
Phishing/Scam,psssd.vip
Phishing/Scam,doodles2-apps.com
Phishing/Scam,doodles-claim.xyz
Phishing/Scam,dinosnft.netlify.app
Phishing/Scam,metashapes.wtf
Phishing/Scam,thesaudisnft.xyz
Phishing/Scam,raffle-doodles.com
Phishing/Scam,420ape.netlify.app
Phishing/Scam,othersides.run
Phishing/Scam,metaskippers.wtf
Phishing/Scam,metacakes.wtf
Phishing/Scam,brokenwizards.wtf
Phishing/Scam,metacriminals.wtf
Phishing/Scam,boredapeyachtclub-freemint.xyz
Phishing/Scam,azuki-freemint.xyz
Phishing/Scam,game-otherside.net
Phishing/Scam,play-otherside.org
Phishing/Scam,godhatesnftees.wtf
Phishing/Scam,thesaudisnfts.art
Phishing/Scam,thesaudisnft.art
Phishing/Scam,rektguy.art
Phishing/Scam,icytools.live
Phishing/Scam,get-goblin.town
Phishing/Scam,adidas-capsule.art
Phishing/Scam,www.nylacollectiion.xyz
Phishing/Scam,birdezgaang.xyz
Phishing/Scam,oncyber.live
Phishing/Scam,wilderworldofficial.xyz
Phishing/Scam,webaversenft.live
Phishing/Scam,twitterscan.free-premints.com
Phishing/Scam,twittercash.net
Phishing/Scam,nickydiamonnds.xyz
Phishing/Scam,www.cmeethersscan.com
Phishing/Scam,ethereum-kmd.com
Phishing/Scam,ethereum-anc.com
Phishing/Scam,ethereum-troy.com
Phishing/Scam,rtfkt-story.com
Phishing/Scam,remdao.xyz
Phishing/Scam,www.remdao.xyz
Phishing/Scam,www.tooniessocial.com
Phishing/Scam,sapiensnft.org
Phishing/Scam,thesuadsinft.com
Phishing/Scam,icy-toools.xyz
Phishing/Scam,www.nifty-islaand.xyz
Phishing/Scam,goobersnfft.xyz
Phishing/Scam,www.wickedbonecllub.xyz
Phishing/Scam,immadeggen.xyz
Phishing/Scam,hashmasks.live
Phishing/Scam,cryptodadsnfft.xyz
Phishing/Scam,metab-nnft.xyz
Phishing/Scam,www.0xmoons.xyz
Phishing/Scam,www.polarbearsnnft.xyz
Phishing/Scam,www.huxleysaaga.xyz
Phishing/Scam,lucky-lion-cllub.xyz
Phishing/Scam,moonbirdsraffle.com
Phishing/Scam,worldofumans.ink
Phishing/Scam,www.thealienboynnft.xyz
Phishing/Scam,theirsverse.live
Phishing/Scam,www.metascan-mint.pro
Phishing/Scam,www.obeygiaant.xyz
Phishing/Scam,ccrewnnft.xyz
Phishing/Scam,wickedbonecllub.xyz
Phishing/Scam,tooniessocial.com
Phishing/Scam,ninjalerts.live
Phishing/Scam,www.billionclubnnft.xyz
Phishing/Scam,thealienboynnft.xyz
Phishing/Scam,overlord.bond
Phishing/Scam,www.helix-metaverse.cyou
Phishing/Scam,exosama.bond
Phishing/Scam,www.azragames.bond
Phishing/Scam,www.kitaro.bond
Phishing/Scam,cryptyques.live
Phishing/Scam,kitaro.bond
Phishing/Scam,helix-metaverse.cyou
Phishing/Scam,www.playemberswoord.xyz
Phishing/Scam,nylacollectiion.xyz
Phishing/Scam,ezekcllub.xyz
Phishing/Scam,mint-walkers.xyz
Phishing/Scam,mint-overborne.xyz
Phishing/Scam,www.3gpost.com
Phishing/Scam,www.gangsterallstar.bond
Phishing/Scam,0n1force.live
Phishing/Scam,knightsofdegen.live
Phishing/Scam,creatureworld.live
Phishing/Scam,anonymice.live
Phishing/Scam,cryptophunks.live
Phishing/Scam,mooncatsnft.live
Phishing/Scam,undeadblocksnft.live
Phishing/Scam,legendsofvenari.live
Phishing/Scam,whoopsies.live
Phishing/Scam,coniun-freemint.live
Phishing/Scam,apelist.live
Phishing/Scam,jpegdnft.live
Phishing/Scam,whisbenft.live
Phishing/Scam,xananft.live
Phishing/Scam,supducks.live
Phishing/Scam,mevofficial.live
Phishing/Scam,rfoxvalt.live
Phishing/Scam,nostalgianft.live
Phishing/Scam,aleqth.live
Phishing/Scam,zenacademy.live
Phishing/Scam,www.dinoschiibi.xyz
Phishing/Scam,chibilaabs.xyz
Phishing/Scam,billionclubnnft.xyz
Phishing/Scam,miladymaker.live
Phishing/Scam,tritonpass.live
Phishing/Scam,mirrorpass.live
Phishing/Scam,hoshiboshi.live
Phishing/Scam,www.llamavesre.com
Phishing/Scam,decenfralnd.com
Phishing/Scam,www.decenfralnd.com
Phishing/Scam,degenz.live
Phishing/Scam,llamavesre.com
Phishing/Scam,www.probabylalabel.com
Phishing/Scam,pybear.art
Phishing/Scam,hedgies.live
Phishing/Scam,mutantcartel.live
Phishing/Scam,phantabear.live
Phishing/Scam,alveychain.live
Phishing/Scam,lilheroesnft.live
Phishing/Scam,www.decenrtalands.com
Phishing/Scam,dave-krugman.live
Phishing/Scam,cryptobullnft.live
Phishing/Scam,jrnyclub.art
Phishing/Scam,goblintown-drop.art
Phishing/Scam,premint.wtf
Phishing/Scam,claimchimpersnft.xyz
Phishing/Scam,goblintown.live
Phishing/Scam,goblintowm.wtf
Phishing/Scam,goblintown.world
Phishing/Scam,burger-goblintown.wtf
Phishing/Scam,sneakyninja.live
Phishing/Scam,app-apecoin.com
Phishing/Scam,boki-nft.live
Phishing/Scam,osf-nft.art
Phishing/Scam,goblintown.livemint.live
Phishing/Scam,adidas.claims
Phishing/Scam,goblimtown.com
Phishing/Scam,boki.gift
Phishing/Scam,adidas-metaverse.io
Phishing/Scam,goblintown.top
Phishing/Scam,graycraft.live
Phishing/Scam,nftcomofficial.live
Phishing/Scam,linksdao.live
Phishing/Scam,www.metaghost.hey-mint.xyz
Phishing/Scam,www.kataboliicz.xyz
Phishing/Scam,prguitarmman.xyz
Phishing/Scam,www.chumbivalleey.xyz
Phishing/Scam,gangstamice.live
Phishing/Scam,www.luckylionclub.io
Phishing/Scam,cryptocannacllub.xyz
Phishing/Scam,metaghost.hey-mint.xyz
Phishing/Scam,www.birdezgaang.xyz
Phishing/Scam,www.budweiseruusa.xyz
Phishing/Scam,playboynffts.xyz
Phishing/Scam,www.wallstmemmes.xyz
Phishing/Scam,www.ezekcllub.xyz
Phishing/Scam,crypto-swaarm.xyz
Phishing/Scam,www.prguitarmman.xyz
Phishing/Scam,totemearrth.xyz
Phishing/Scam,chumbivalleey.xyz
Phishing/Scam,www.tsukimi-mint.xyz
Phishing/Scam,tsukimi-mint.xyz
Phishing/Scam,kateyfx.me
Phishing/Scam,metakongz.live
Phishing/Scam,richfoxclub.live
Phishing/Scam,qqi.art
Phishing/Scam,www.qql.xyz
Phishing/Scam,qql.xyz
Phishing/Scam,ibutsu.claims
Phishing/Scam,mintonft.com
Phishing/Scam,cheersup.live
Phishing/Scam,metascan-mint.pro
Phishing/Scam,moonbirdsmintnft.xyz
Phishing/Scam,ambervittoria.xyz
Phishing/Scam,coalitioncrewnft.xyz
Phishing/Scam,donsnft.com
Phishing/Scam,free-invsblefriends.xyz
Phishing/Scam,premintnft.live
Phishing/Scam,xn--othersde-z2a.xyz
Phishing/Scam,azuki-nft.bond
Phishing/Scam,gobilintown.wtf
Phishing/Scam,www.invisiblefreind.io
Phishing/Scam,bullsalphanft.xyz
Phishing/Scam,luppy-nft.xyz
Phishing/Scam,www.digitaldogs.xyz
Phishing/Scam,mint-zksync.bar
Phishing/Scam,invisiblefriendsio.com
Phishing/Scam,violettazironi-freemint.xyz
Phishing/Scam,xenmint.vercel.app
Phishing/Scam,primeplanet-freemint.xyz
Phishing/Scam,neotokyopunks-freemint.xyz
Phishing/Scam,bearmod.xyz
Phishing/Scam,dippiesnfft.xyz
Phishing/Scam,arabianpenguins-mint.netlify.app
Phishing/Scam,airdrop-exclusive.com
Phishing/Scam,squarez-nft-mint.netlify.app
Phishing/Scam,degenheim-genesis-mint.netlify.app
Phishing/Scam,mint-blankstudioart-art.netlify.app
Phishing/Scam,puma-nitro.xyz
Phishing/Scam,www.holynephalem-mint.xyz
Phishing/Scam,bigeyes.live
Phishing/Scam,monuverse-mint.com
Phishing/Scam,bearteq.site
Phishing/Scam,beardat.xyz
Phishing/Scam,kingdata-defi.com
Phishing/Scam,doodlecatmint.com
Phishing/Scam,swaggywhales.mint-now.co
Phishing/Scam,x2-y2.net
Phishing/Scam,okaybearsyachtclub.sale-minting.xyz
Phishing/Scam,lmmutabie.com
Phishing/Scam,fcpandamen.com
Phishing/Scam,bearkid.xyz
Phishing/Scam,www.hexprotocol.com
Phishing/Scam,everybodys.wl-premint.com
Phishing/Scam,coinbasedefi.work
Phishing/Scam,sinkeffect.co
Phishing/Scam,nyolings-freemint.xyz
Phishing/Scam,unlimitedd-freemint.xyz
Phishing/Scam,beartri.site
Phishing/Scam,bearcop.site
Phishing/Scam,multichain-beta.com
Phishing/Scam,wurldcupapes.com
Phishing/Scam,mcdex-top.com
Phishing/Scam,truffle.giving-mint.com
Phishing/Scam,159-223-183-63.ipv4.nknlabs.io
Phishing/Scam,www.optimismfnd.bar
Phishing/Scam,homagang.bar
Phishing/Scam,www.homagang.bar
Phishing/Scam,trastpad-event.com
Phishing/Scam,a.opento.cc
Phishing/Scam,reveal-degenheim.com
Phishing/Scam,phantabear.to-freemint.com
Phishing/Scam,degeneheim.com
Phishing/Scam,consortiumskey.com
Phishing/Scam,caw.community
Phishing/Scam,goblintown.minting-start.com
Phishing/Scam,fridaybeers.for-mint.com
Phishing/Scam,birdezgang.for-mint.com
Phishing/Scam,yogurtverse.give-mint.com
Phishing/Scam,chainrunners.mint-living.com
Phishing/Scam,metamaskmerge.com
Phishing/Scam,sushiswap-mint.bond
Phishing/Scam,oncyber.give-mint.com
Phishing/Scam,cryptopad-next.net
Phishing/Scam,weis.mint-fast.com
Phishing/Scam,dreambeatz-mint.com
Phishing/Scam,lvcidiaxyz.com
Phishing/Scam,nftworlds.freemint-fast.com
Phishing/Scam,froycop.site
Phishing/Scam,froybaq.site
Phishing/Scam,froyeaz.fun
Phishing/Scam,cryptopad-next.com
Phishing/Scam,froydui.site
Phishing/Scam,froyhex.site
Phishing/Scam,fortnitenft.shop
Phishing/Scam,mcdex-concept.com
Phishing/Scam,silhouette-mint.com
Phishing/Scam,cheersup.give-mint.com
Phishing/Scam,premint.give-mint.com
Phishing/Scam,cryptopad-next.org
Phishing/Scam,froykec.fun
Phishing/Scam,www.redeem-azuki.com
Phishing/Scam,voxvot.mint-app.art
Phishing/Scam,www.mdexhome.com
Phishing/Scam,memelannd.xyz
Phishing/Scam,uniswap-deficoncept.com
Phishing/Scam,bancor-sorve.com
Phishing/Scam,aavee.one
Phishing/Scam,mint-yogapetz.com
Phishing/Scam,nephalem.freemints-live.com
Phishing/Scam,rplanetsnft.com
Phishing/Scam,apehaterclub.freemints-live.com
Phishing/Scam,piratebirdsnft.xyz
Phishing/Scam,boredapeyachtclub.openseaio.xyz
Phishing/Scam,nftworlds.mintlive.org
Phishing/Scam,boredapeyachtclub.metamsak.buzz
Phishing/Scam,bastardganpunks.xyz
Phishing/Scam,coinbasedefi.site
Phishing/Scam,tigerbob.freemint-fast.com
Phishing/Scam,airdrop-free.com
Phishing/Scam,gangstamcecity.xyz
Phishing/Scam,airdrop-discord.com
Phishing/Scam,www.cel-matees.xyz
Phishing/Scam,www.rewardsys.site
Phishing/Scam,osf-official.xyz
Phishing/Scam,thewhitelist.live
Phishing/Scam,murakami-kaikaikii.com
Phishing/Scam,treeverse.fast-freemint.com
Phishing/Scam,thesandboxgamme.xyz
Phishing/Scam,worldofwomennfft.xyz
Phishing/Scam,othersidemetta.xyz
Phishing/Scam,www.moonnbirdss.xyz
Phishing/Scam,outland.freemint-drop.com
Phishing/Scam,www.claimreward.fun
Phishing/Scam,psychedelic-nfft.xyz
Phishing/Scam,moonnbirdss.xyz
Phishing/Scam,sudoswapamm.com
Phishing/Scam,bancor-tonp.com
Phishing/Scam,uniswap-defiserve.com
Phishing/Scam,uniswap-defitop.com
Phishing/Scam,projectshojira.give-freemint.com
Phishing/Scam,airdrop-discord.com.airdrop-collabland.cc
Phishing/Scam,ethdefi.run
Phishing/Scam,ethdefi.click
Phishing/Scam,shojira.premint.id
Phishing/Scam,aptosfoundation.bond
Phishing/Scam,skulourful-nft.com
Phishing/Scam,world-meta-pride-nft.com
Phishing/Scam,freemint-sale.com
Phishing/Scam,goblintown-miint.wtf
Phishing/Scam,internet-raisxd-nft.com
Phishing/Scam,www.tribo.fast-premint.com
Phishing/Scam,angrydynomites.freemint-lives.com
Phishing/Scam,thesudoswaps.com
Phishing/Scam,xen.rapid-mint.com
Phishing/Scam,shounen-nft.com
Phishing/Scam,half-life-nft.com
Phishing/Scam,airdrop-mint.com
Phishing/Scam,www.sushidefimax.com
Phishing/Scam,ethereum-lusd.com
Phishing/Scam,truspad-powerledger.com
Phishing/Scam,www.lofilofts.fast-premint.com
Phishing/Scam,www.overbornenft.fast-premint.com
Phishing/Scam,poobs.fast-premint.com
Phishing/Scam,cultivate.live
Phishing/Scam,silliesnft.com
Phishing/Scam,www.thesandboxgamme.xyz
Phishing/Scam,chibiheadnft.fast-premint.com
Phishing/Scam,www.ragstorichie.fast-premint.com
Phishing/Scam,www.chibiheadnft.fast-premint.com
Phishing/Scam,pixelvault.fast-premint.com
Phishing/Scam,www.pecland.fast-premint.com
Phishing/Scam,www.kitaroworld.fast-premint.com
Phishing/Scam,www.poobs.fast-premint.com
Phishing/Scam,www.otherside.fast-premint.com
Phishing/Scam,www.blokpax.fast-premint.com
Phishing/Scam,overbornenft.fast-premint.com
Phishing/Scam,ragstorichie.fast-premint.com
Phishing/Scam,pecland.fast-premint.com
Phishing/Scam,blokpax.fast-premint.com
Phishing/Scam,lofilofts.fast-premint.com
Phishing/Scam,onchain.your-freemint.com
Phishing/Scam,thetreeverse.live
Phishing/Scam,guild.on-mint.com
Phishing/Scam,hashmasks.give-mint.com
Phishing/Scam,cheetahsmint.com
Phishing/Scam,www.cheetahsmint.com
Phishing/Scam,professors.nftmintlive.com
Phishing/Scam,moonwalkers.nftmintlive.com
Phishing/Scam,aavev3-defitransactions.com
Phishing/Scam,ascendex-index.com
Phishing/Scam,heartnft.starts-mint.com
Phishing/Scam,metapad-next.com
Phishing/Scam,eth-usd20.com
Phishing/Scam,karafuru.starts-mint.com
Phishing/Scam,boki.mint-freenft.com
Phishing/Scam,goblintower.wtf
Phishing/Scam,meta-pad.org
Phishing/Scam,www.forgottenrunes.mints-whitelist.com
Phishing/Scam,loserclub.starts-mint.com
Phishing/Scam,cryptomories.starts-mint.com
Phishing/Scam,aavev3-index.com
Phishing/Scam,hashflow-fastmint.com
Phishing/Scam,goonsnft.webs-minting.com
Phishing/Scam,plutoalliance.web-minting.com
Phishing/Scam,flufworld.give-minting.com
Phishing/Scam,osf.give-minting.com
Phishing/Scam,keungz.give-minting.com
Phishing/Scam,aspreystudio.give-minting.com
Phishing/Scam,multipad-pro.net
Phishing/Scam,multicrypto-pro.net
Phishing/Scam,multipad-pro.org
Phishing/Scam,moonbirds.give-minting.com
Phishing/Scam,multicrypto-pro.org
Phishing/Scam,multichain-pro.org
Phishing/Scam,multichain-pro.net
Phishing/Scam,nyolings.wl-spots.com
Phishing/Scam,azuki.give-minting.com
Phishing/Scam,deltaflare.web-minting.com
Phishing/Scam,beometaverse.wl-spots.com
Phishing/Scam,everybodys.shop
Phishing/Scam,multicoin-pro.net
Phishing/Scam,pg.give-minting.com
Phishing/Scam,www.hashflow-fastmint.com
Phishing/Scam,boredgrapes.fun
Phishing/Scam,gala.ink
Phishing/Scam,warpsound.mint-freenft.com
Phishing/Scam,tennischamps.mint-starts.com
Phishing/Scam,xn--digidaigak-wdb.xyz
Phishing/Scam,xn--ktaro-zsa.xyz
Phishing/Scam,dented-feels.xyz
Phishing/Scam,suivault.io
Phishing/Scam,poppinpigs.mint-nft.one
Phishing/Scam,aptosincor.com
Phishing/Scam,opensea.io.bonsavonsoaps.com
Phishing/Scam,tradingdappnodes.com
Phishing/Scam,opensea.io.offer.futuroltda.cl
Phishing/Scam,www.opensea.io.offer.gecomlab.cl
Phishing/Scam,rengawhite-box.com
Phishing/Scam,opensea.io.offer.gecomlab.cl
Phishing/Scam,art-gobbler.com
Phishing/Scam,opensea.io.blacknessblue.co.za
Phishing/Scam,ethereum-eth.xyz
Phishing/Scam,xn--artblcks-z3a.xyz
Phishing/Scam,cryptopunks.freemint-webs.com
Phishing/Scam,thecheetahsnft.xyz
Phishing/Scam,www.digidaiqaku.com
Phishing/Scam,coinbasedefi.me
Phishing/Scam,revoker.business
Phishing/Scam,imaginaryones-hugo.com
Phishing/Scam,dfinity-nft.bar
Phishing/Scam,azuki.freemint-webs.com
Phishing/Scam,genuineundead.free-whitelist.com
Phishing/Scam,azuki.quick-mint.com
Phishing/Scam,looki-bab.xyz
Phishing/Scam,underground.wlsale.com
Phishing/Scam,whiko.pro
Phishing/Scam,nearprotocol.cyou
Phishing/Scam,clonex.premint.zone
Phishing/Scam,rplanet.quick-mint.com
Phishing/Scam,azuki.whitelist-drop.com
Phishing/Scam,vivitynft.art
Phishing/Scam,xn--boredapeychtclub-3nb.xyz
Phishing/Scam,renga.give-minting.com
Phishing/Scam,apocalypticapes.web-minting.com
Phishing/Scam,hugo-imaginaryones.xyz
Phishing/Scam,www.aptos.cyou
Phishing/Scam,www.thegraph.bond
Phishing/Scam,ecosystemprotocol.org
Phishing/Scam,www.genuineundeadnfts.xyz
Phishing/Scam,ledger.your-freemint.com
Phishing/Scam,boki.bar
Phishing/Scam,bancortop.com
Phishing/Scam,www.somniumspace.cyou
Phishing/Scam,kingship.webs-minting.com
Phishing/Scam,somniumspace.cyou
Phishing/Scam,xn--bordapeyachtclub-crb.xyz
Phishing/Scam,cyberkongz.give-minting.com
Phishing/Scam,hape.airdrop-freemint.com
Phishing/Scam,meebits.invite-mint.com
Phishing/Scam,everybodys.wlmint.com
Phishing/Scam,www.infamousltd.art
Phishing/Scam,chilltuna.giveaway-mint.com
Phishing/Scam,mint-november.app
Phishing/Scam,chainsaw.give-minting.com
Phishing/Scam,coinpad-next.com
Phishing/Scam,coinpad-beta.com
Phishing/Scam,nyolingsio.com
Phishing/Scam,www.nyolingsio.com
Phishing/Scam,kingshipio.com
Phishing/Scam,www.kingshipio.com
Phishing/Scam,aptoslaps.com
Phishing/Scam,oxyaorigin.mint-living.com
Phishing/Scam,premint-drop.com
Phishing/Scam,dudulab.netlify.app
Phishing/Scam,thegraph.bond
Phishing/Scam,rplanetnfts.xyz
Phishing/Scam,cryptopad-pro.org
Phishing/Scam,infamousltd-reveal.com
Phishing/Scam,neverfeartruth.mint-living.com
Phishing/Scam,highrise.webs-mint.com
Phishing/Scam,www.meekicks.me
Phishing/Scam,multichain-x.com
Phishing/Scam,infamousltd.art
Phishing/Scam,cubex.webs-minting.com
Phishing/Scam,smolverze.com.silies.xyz
Phishing/Scam,outsadnft.web-minting.com
Phishing/Scam,metalegends.web-minting.com
Phishing/Scam,thelittles.starts-mint.com
Phishing/Scam,tron-mine.net
Phishing/Scam,tallylabs.freemint-lives.com
Phishing/Scam,garbagefriends.online
Phishing/Scam,asiandisappointments.com.silies.xyz
Phishing/Scam,genuineundead.quick-mint.com
Phishing/Scam,binaryx.quick-mint.com
Phishing/Scam,apecraftclub.live
Phishing/Scam,wagmigames.minting-start.com
Phishing/Scam,nuclearnerds.web-minting.com
Phishing/Scam,validaccessauth.pages.dev
Phishing/Scam,phantomnetwork.mint-living.com
Phishing/Scam,metawizards.starts-mint.com
Phishing/Scam,coinbasedefi.life
Phishing/Scam,www.smolverze.com.silies.xyz
Phishing/Scam,platinumprimatez.com.silies.xyz
Phishing/Scam,acrocalypse.starts-mint.com
Phishing/Scam,traitsniper.webs-freemint.com
Phishing/Scam,rtfkt.give-minting.com
Phishing/Scam,mitsubishi.wlmint.com
Phishing/Scam,genuineundeadnfts.xyz
Phishing/Scam,thedoggies.webs-minting.com
Phishing/Scam,sneakerheads.mint-living.com
Phishing/Scam,vinniehager.minting-start.com
Phishing/Scam,primekongplanet.mint-living.com
Phishing/Scam,rootroop.webs-mint.com
Phishing/Scam,runi.wl-spost.com
Phishing/Scam,boredapeyachtlclub.com
Phishing/Scam,nyolings.wl-spost.com
Phishing/Scam,aavev3serve.com
Phishing/Scam,liquidity-mining-token.com
Phishing/Scam,renga-whiteboxes.com
Phishing/Scam,aavev3top.com
Phishing/Scam,finiliar.web-minting.com
Phishing/Scam,nftinit.your-freemint.com
Phishing/Scam,pridepunks.live
Phishing/Scam,smallbros.live
Phishing/Scam,spookyboyscc.xyz
Phishing/Scam,multicoin-pad.org
Phishing/Scam,rowdysocietynft.io
Phishing/Scam,www.probablyalabeel.xyz
Phishing/Scam,www.monuverse.wlist.bid
Phishing/Scam,whosjilabbs.xyz
Phishing/Scam,www.nephalem.premint-claim.xyz
Phishing/Scam,metawins.org
Phishing/Scam,www.nativepunk.xyz
Phishing/Scam,mail.nativepunk.xyz
Phishing/Scam,goartmetaversemint.com
Phishing/Scam,bevee-club.mint-site.live
Phishing/Scam,emanueleferrari.xyz
Phishing/Scam,the-farm-gamme.xyz
Phishing/Scam,catastroophiic.xyz
Phishing/Scam,justcubesnft.xyz
Phishing/Scam,catblox.live
Phishing/Scam,bitmojis.rf.gd
Phishing/Scam,labgrownbeasts.mint-site.live
Phishing/Scam,freefoxfam-nft.app
Phishing/Scam,akumudragonz.live
Phishing/Scam,gene-sis.live
Phishing/Scam,cryptosimejiofficia.xyz
Phishing/Scam,froggyfriends.live
Phishing/Scam,regularsnft.live
Phishing/Scam,halfbaycd.live
Phishing/Scam,lvcidia.live
Phishing/Scam,tsrocketfactory.xyz
Phishing/Scam,kbabyepas.com
Phishing/Scam,azito.live
Phishing/Scam,nft-gurus.xyz
Phishing/Scam,pepeapeyachtclub.xyz
Phishing/Scam,piratesmeta.live
Phishing/Scam,mythicals.live
Phishing/Scam,murinft.live
Phishing/Scam,gamingapeclub.live
Phishing/Scam,possessed.live
Phishing/Scam,critterzmc.xyz
Phishing/Scam,moonwalkersnft.live
Phishing/Scam,www.usedtoiletswttf.xyz
Phishing/Scam,www.pixelvaults.com
Phishing/Scam,otherside.mintf.co
Phishing/Scam,livesofasunna.xyz
Phishing/Scam,coinbaseusdt-mining.com
Phishing/Scam,www.eternalroyalty.pre-mints.space
Phishing/Scam,orangecomet.pre-mints.space
Phishing/Scam,www.orangecomet.pre-mints.space
Phishing/Scam,www.kinkverse.pre-mints.space
Phishing/Scam,omgkirby.live
Phishing/Scam,eternalroyalty.pre-mints.space
Phishing/Scam,giftedtigers.pre-mints.space
Phishing/Scam,caesars-nft.com
Phishing/Scam,doodlintown-mint.com
Phishing/Scam,star-birdies-nft.com
Phishing/Scam,mochi-mo-nft.com
Phishing/Scam,hunta-nft.com
Phishing/Scam,titty-nft.com
Phishing/Scam,kinkverse.pre-mints.space
Phishing/Scam,waprsound.com
Phishing/Scam,womenofcryptto.xyz
Phishing/Scam,azukicolorpencil.xyz
Phishing/Scam,www.linkzdao.com
Phishing/Scam,www.justapez.com
Phishing/Scam,linkzdao.com
Phishing/Scam,justapez.com
Phishing/Scam,www.thegoda-freemint.com
Phishing/Scam,thegoda-freemint.com
Phishing/Scam,www.superlavitesecretsociety.com
Phishing/Scam,crypto-musk.info
Phishing/Scam,cryptohippos.xyz
Phishing/Scam,roborovskinft.xyz
Phishing/Scam,boxcatplanet.live
Phishing/Scam,junglebayapeclub.xyz
Phishing/Scam,guidodisalle.xyz
Phishing/Scam,artblooks.xyz
Phishing/Scam,phantomzeronfft.xyz
Phishing/Scam,genzukis.com
Phishing/Scam,thewinkyversenft.xyz
Phishing/Scam,shrapnel.live
Phishing/Scam,megami.live
Phishing/Scam,haunted-space.live
Phishing/Scam,hausphases.live
Phishing/Scam,swampverse.live
Phishing/Scam,tribeodyssey.live
Phishing/Scam,darkfarms.live
Phishing/Scam,popartcats.live
Phishing/Scam,tennischamps.live
Phishing/Scam,lazyapeyc.live
Phishing/Scam,syltare.live
Phishing/Scam,thealienboy.live
Phishing/Scam,cosamonstranft.live
Phishing/Scam,coolmanuniverse.live
Phishing/Scam,womenandweapons.live
Phishing/Scam,karafuru-official.art
Phishing/Scam,onewordbrick.live
Phishing/Scam,cooltimes.live
Phishing/Scam,cryptomonkz.live
Phishing/Scam,satoshiverse.live
Phishing/Scam,chubbiverse.live
Phishing/Scam,heartproject.live
Phishing/Scam,www.yoloholiday.hey-mint.xyz
Phishing/Scam,pixelimon.xyz
Phishing/Scam,eggcelland.xyz
Phishing/Scam,lofilofts.xyz
Phishing/Scam,www.eggcelland.xyz.whitelist-spots.com
Phishing/Scam,eggcelland.xyz.whitelist-spots.com
Phishing/Scam,www.project-godjira.xyz.whitelist-spots.com
Phishing/Scam,somniumxpace.xyz
Phishing/Scam,yoloholiday.hey-mint.xyz
Phishing/Scam,www.tooniesssc.xyz
Phishing/Scam,www.riseofaitecch.xyz
Phishing/Scam,cybercityinnc.xyz
Phishing/Scam,www.neotokyo.bond
Phishing/Scam,app.neotokyo.bond
Phishing/Scam,www.app.neotokyo.bond
Phishing/Scam,app.worldofwomen.cyou
Phishing/Scam,www.mekaverse.cyou
Phishing/Scam,www.moonshe-nfft.xyz
Phishing/Scam,anomura.live
Phishing/Scam,beyondearthnft.live
Phishing/Scam,jurassicpunks.live
Phishing/Scam,thelittles.live
Phishing/Scam,bezogge.xyz
Phishing/Scam,loserclub.live
Phishing/Scam,animemelabbs.xyz
Phishing/Scam,cryptobatznft.live
Phishing/Scam,claimethairdrop.com
Phishing/Scam,mint-collab.land
Phishing/Scam,acrocalypse.live
Phishing/Scam,www.mint-collab.land
Phishing/Scam,freemint-whitelist.xyz
Phishing/Scam,amazonclub.live
Phishing/Scam,unxdnft.live
Phishing/Scam,superapesclub.xyz
Phishing/Scam,mgxsnft.live
Phishing/Scam,noblecards.live
Phishing/Scam,mplofficial.live
Phishing/Scam,joinvalhalla.live
Phishing/Scam,www.topgnfft.xyz
Phishing/Scam,probablyalabeel.xyz
Phishing/Scam,helix-metaversse.xyz
Phishing/Scam,chinachic.live
Phishing/Scam,slimhoods.live
Phishing/Scam,cybersnails.live
Phishing/Scam,cryptomories.live
Phishing/Scam,flooz.live
Phishing/Scam,crypto888.live
Phishing/Scam,squishiversenft.xyz
Phishing/Scam,rengaape.live
Phishing/Scam,otakuculturestudio.live
Phishing/Scam,www.freethairdrop.com
Phishing/Scam,apehaternft.live
Phishing/Scam,cryptojeweiler.xyz
Phishing/Scam,mint-elixir.xyz
Phishing/Scam,pixelmongen1-official.netlify.app
Phishing/Scam,boredapeyachtclub.premints-wl.com
Phishing/Scam,azuki.free-wl.com
Phishing/Scam,pixelmon.wl-free.com
Phishing/Scam,r-planet-nft.com
Phishing/Scam,www.thetriversenfft.xyz
Phishing/Scam,www.officialboinfft.xyz
Phishing/Scam,www.deepobjectts.xyz
Phishing/Scam,shinnoki-mint.com
Phishing/Scam,whiko-land-mint.com
Phishing/Scam,cyber-kongz.xyz
Phishing/Scam,penguinkarts.xyz
Phishing/Scam,rplanet.live
Phishing/Scam,hiddenkittencity.xyz
Phishing/Scam,boredgrapes.live
Phishing/Scam,tatakai-game-mint.com
Phishing/Scam,scribblesnft.xyz
Phishing/Scam,ether-dadddy.xyz
Phishing/Scam,www.invisiblefrends.xyz
Phishing/Scam,www.hiddenkittenctty.xyz
Phishing/Scam,nomars.xyz
Phishing/Scam,cryptoninja.freemint-fast.com
Phishing/Scam,ethereum-privatekey.com
Phishing/Scam,uniswaperrs.com
Phishing/Scam,companions-nfft.xyz
Phishing/Scam,bapesclan.freemint-drop.com
Phishing/Scam,hello-charlie-mint.com
Phishing/Scam,thetriversenfft.xyz
Phishing/Scam,xn--shbatoken-h5a.com
Phishing/Scam,thedogepoundnft.bar
Phishing/Scam,mint-drop.com
Phishing/Scam,miuzium-mint.com
Phishing/Scam,tiendazed.com
Phishing/Scam,rekt-guy.xyz
Phishing/Scam,mail.airdrop-vulcan.xyz
Phishing/Scam,www.thesandboxlands.org
Phishing/Scam,www.airdrop-vulcan.xyz
Phishing/Scam,www.rekt-guy.xyz
Phishing/Scam,wolfgame.cyou
Phishing/Scam,www.giftedtigers.pre-mints.space
Phishing/Scam,oayc.pre-mints.space
Phishing/Scam,www.oayc.pre-mints.space
Phishing/Scam,avatizer.pre-mints.space
Phishing/Scam,www.avatizer.pre-mints.space
Phishing/Scam,fknight.site
Phishing/Scam,web.node-dapp.com
Phishing/Scam,godhates.live
Phishing/Scam,azuki.premints-free.com
Phishing/Scam,wagmiofficial.xyz
Phishing/Scam,larvalads.live
Phishing/Scam,zenogakki.live
Phishing/Scam,vanderkobold.live
Phishing/Scam,blvck-paris.xyz
Phishing/Scam,americananft.xyz
Phishing/Scam,ezuofficial.xyz
Phishing/Scam,tykes.freemint-drop.com
Phishing/Scam,feline-fiendz.xyz
Phishing/Scam,renga.freemint-drop.com
Phishing/Scam,freemint-azuki.xyz
Phishing/Scam,seekersnft.xyz
Phishing/Scam,starlofficial.xyz
Phishing/Scam,themetroverse.xyz
Phishing/Scam,spoiledbananasociety.live
Phishing/Scam,realgoblins.live
Phishing/Scam,pg-official.xyz
Phishing/Scam,wafuku.xyz
Phishing/Scam,cakedapes.live
Phishing/Scam,rtfkt-freemint.live
Phishing/Scam,pegz.live
Phishing/Scam,atlanticapes.live
Phishing/Scam,mint-proof.xyz
Phishing/Scam,cyberkongz.live
Phishing/Scam,worldoftribe.live
Phishing/Scam,puggysquads.mint-app.art
Phishing/Scam,thesandbox.freemint-web.com
Phishing/Scam,lumens-minting.netlify.app
Phishing/Scam,lumens.pre-mint.net
Phishing/Scam,meebitsofficial.xyz
Phishing/Scam,yoga-pepez.mint-app.art
Phishing/Scam,invisiblefrends.xyz
Phishing/Scam,boredapeyachtclubs.live
Phishing/Scam,keungz.live
Phishing/Scam,moonbirds-official.xyz
Phishing/Scam,aspreystudio.freemint-drop.com
Phishing/Scam,wheremyvansgo.live
Phishing/Scam,www.tsumachine.site
Phishing/Scam,nickelodeon-claim.xyz
Phishing/Scam,premintcollection.buzz
Phishing/Scam,projetcatama.com
Phishing/Scam,pourkoko.xyz
Phishing/Scam,scrappypenguins-mint.com
Phishing/Scam,www.scrappypenguins-mint.com
Phishing/Scam,www.cryptoskulls-nft.xyz
Phishing/Scam,www.supducks-mint.xyz
Phishing/Scam,supducks-mint.xyz
Phishing/Scam,wolfgame-freemint.cyou
Phishing/Scam,hiddenkittenctty.xyz
Phishing/Scam,www.wolfgame-freemint.cyou
Phishing/Scam,aptospre.sale
Phishing/Scam,aptossale.com
Phishing/Scam,5ire.top
Phishing/Scam,suisale.top
Phishing/Scam,stack.mint-sale.cc
Phishing/Scam,www.metafortnite.xyz
Phishing/Scam,metafortnite.xyz
Phishing/Scam,www.murakami-nft.cyou
Phishing/Scam,www.lookisgames.com
Phishing/Scam,siphernft.live
Phishing/Scam,www.penguinkarts.xyz
Phishing/Scam,deepobjectts.xyz
Phishing/Scam,www.mortiversse.xyz
Phishing/Scam,spiritgatees.xyz
Phishing/Scam,desartsnfft.xyz
Phishing/Scam,meadowmooon.xyz
Phishing/Scam,www.desartsnfft.xyz
Phishing/Scam,www.kongunfft.xyz
Phishing/Scam,www.fridaybeersnfft.xyz
Phishing/Scam,www.voxvoot.xyz
Phishing/Scam,cryptopunksnfts.live
Phishing/Scam,musk-event.info
Phishing/Scam,www.cyber-kongz.xyz
Phishing/Scam,ethlizardsnft.live
Phishing/Scam,travala.live
Phishing/Scam,xquietth.mint300free.com
Phishing/Scam,homagames-mbmpost.premint.top
Phishing/Scam,usedtoiletswttf.xyz
Phishing/Scam,lookisgames.com
Phishing/Scam,nftzerk.wl-minting.cc
Phishing/Scam,spaceriders.wl-minting.cc
Phishing/Scam,deekaaykwon.com
Phishing/Scam,www.spiritgatse.com
Phishing/Scam,shellzorb.live
Phishing/Scam,myherosidekicks.live
Phishing/Scam,genzee.live
Phishing/Scam,moonrunnersnft.live
Phishing/Scam,treasureproject.live
Phishing/Scam,www.shinzekai.com
Phishing/Scam,bestpad-beta.net
Phishing/Scam,genblok.vercel.app
Phishing/Scam,onchainbuccaneerz.com
Phishing/Scam,samuraisagga.com
Phishing/Scam,adidasforgucci.xyz
Phishing/Scam,webb-game.com
Phishing/Scam,nft-bxh.com
Phishing/Scam,dedafellaz.com
Phishing/Scam,bestpad-beta.com
Phishing/Scam,gangsterallstarz.com
Phishing/Scam,jadu-freemint.com
Phishing/Scam,www.jadu-freemint.com
Phishing/Scam,shrubbies.xyz
Phishing/Scam,procrastination-world-nft.com
Phishing/Scam,rocketleaguenft.xyz
Phishing/Scam,yeye-nft.com
Phishing/Scam,kubikajirii-nft.com
Phishing/Scam,amai-nft.com
Phishing/Scam,mentalcollege-nuos-nft.com
Phishing/Scam,scribbles-nft.com
Phishing/Scam,king-of-the-jungle-nft.com
Phishing/Scam,genki-nft.com
Phishing/Scam,asian-disappointments-nft.com
Phishing/Scam,lil-demons-nft.com
Phishing/Scam,juuni-mint.com
Phishing/Scam,mangekyo-nft.com
Phishing/Scam,valhalla-nft.com
Phishing/Scam,wojaklife.mint-site.live
Phishing/Scam,panters-nft.com
Phishing/Scam,rebelbofs.com
Phishing/Scam,piratenation.lol
Phishing/Scam,degen-angel.com
Phishing/Scam,ancient-ape-club.wtf
Phishing/Scam,nfteamms.xyz
Phishing/Scam,www.hauntedspacce.xyz
Phishing/Scam,kingdomnnft.xyz
Phishing/Scam,www.admit0010.xyz
Phishing/Scam,www.asiaan-mint.xyz
Phishing/Scam,www.berachaiin.xyz
Phishing/Scam,jenkinsthevaleet.xyz
Phishing/Scam,www.omgkirbydaao.xyz
Phishing/Scam,exosamanfft.xyz
Phishing/Scam,mftmkkuus.xyz
Phishing/Scam,subjectsworlld.xyz
Phishing/Scam,www.supremeekongnft.xyz
Phishing/Scam,www.posers-nfft.xyz
Phishing/Scam,nftinitcoom.xyz
Phishing/Scam,theplaguenfft.xyz
Phishing/Scam,www.loserclubreborrn.xyz
Phishing/Scam,meta-konggz.xyz
Phishing/Scam,www.chain-ruunners.xyz
Phishing/Scam,galaxisxyyz.xyz
Phishing/Scam,www.mftmkkuus.xyz
Phishing/Scam,www.warpsound-aai.xyz
Phishing/Scam,admit0010.xyz
Phishing/Scam,nftuaae.xyz
Phishing/Scam,wellyffriends.xyz
Phishing/Scam,omgkirbydaao.xyz
Phishing/Scam,www.thetronnwars.xyz
Phishing/Scam,vince-vaan-dough.xyz
Phishing/Scam,www.tensset-io.xyz
Phishing/Scam,www.plurapecllub.xyz
Phishing/Scam,superrrare.xyz
Phishing/Scam,www.theposssessednft.xyz
Phishing/Scam,mirrorpaass-xyz.xyz
Phishing/Scam,www.big3ownershiip.xyz
Phishing/Scam,digidaaigaku.xyz
Phishing/Scam,metaverse-hhq.xyz
Phishing/Scam,keunng.xyz
Phishing/Scam,steadysstacknft.xyz
Phishing/Scam,www.consortiumkeey.xyz
Phishing/Scam,beanss-nfts.xyz
Phishing/Scam,sammyarriagga.xyz
Phishing/Scam,tubbycatsnfft.xyz
Phishing/Scam,undeadbloccks.xyz
Phishing/Scam,www.footiuum.xyz
Phishing/Scam,www.sansoundd3.xyz
Phishing/Scam,littleleemonsnft.xyz
Phishing/Scam,vdsc-officiial.xyz
Phishing/Scam,plurapecllub.xyz
Phishing/Scam,ezuu-xyz.xyz
Phishing/Scam,www.trippyttoadznft.xyz
Phishing/Scam,www.vdsc-officiial.xyz
Phishing/Scam,www.antonnymnft.xyz
Phishing/Scam,mattkaneartiist.xyz
Phishing/Scam,www.mimicshhanns.xyz
Phishing/Scam,www.jenkinsthevaleet.xyz
Phishing/Scam,ektachaiin.xyz
Phishing/Scam,hauntedspacce.xyz
Phishing/Scam,alphakongscluub.xyz
Phishing/Scam,angrypitbulllclb.xyz
Phishing/Scam,hyakkiinft.xyz
Phishing/Scam,poolsuitte.xyz
Phishing/Scam,www.kaijufrrenz.xyz
Phishing/Scam,www.wabisaabinft.xyz
Phishing/Scam,www.everdomee-io.xyz
Phishing/Scam,www.ymhhnft.xyz
Phishing/Scam,www.pluto-aalliance.xyz
Phishing/Scam,www.metamanssionsnft.xyz
Phishing/Scam,www.littlelemmonsnft.xyz
Phishing/Scam,angryapearmmy.xyz
Phishing/Scam,www.baddogscompanny.xyz
Phishing/Scam,cloudmachinenfft.xyz
Phishing/Scam,www.thehaasbroothers.xyz
Phishing/Scam,interrnet-game.xyz
Phishing/Scam,premlnt.space.cosmo-heroes.store
Phishing/Scam,premlnt.space
Phishing/Scam,www.premlnt.space.cosmo-heroes.store
Phishing/Scam,www.trustpad-n.com
Phishing/Scam,www.alphakongscluub.xyz
Phishing/Scam,www.atarixx.xyz
Phishing/Scam,www.degenheim.mint-available.com
Phishing/Scam,www.exosama.mint-available.com
Phishing/Scam,www.zironiviolettta.xyz
Phishing/Scam,warpsound-aai.xyz
Phishing/Scam,www.exosamanfft.xyz
Phishing/Scam,www.dogeclub-nfft.xyz
Phishing/Scam,www.smallbrosnfft.xyz
Phishing/Scam,beeeeee-dft.xyz
Phishing/Scam,trippyttoadznft.xyz
Phishing/Scam,azragamees.xyz
Phishing/Scam,coolcatsnfts.art
Phishing/Scam,www.capsule-housse.xyz
Phishing/Scam,footiuum.xyz
Phishing/Scam,www.tykesnftt.xyz
Phishing/Scam,www.hameeerhideout.xyz
Phishing/Scam,www.superfful-xyz.xyz
Phishing/Scam,trippinaapenft.xyz
Phishing/Scam,www.strangersxyyz.xyz
Phishing/Scam,www.aradenawarriior.xyz
Phishing/Scam,www.kingdomnnft.xyz
Phishing/Scam,antonnymnft.xyz
Phishing/Scam,dourdarccelsnft.xyz
Phishing/Scam,mycuriocarrds.xyz
Phishing/Scam,tykesnftt.xyz
Phishing/Scam,blvckpaaris.xyz
Phishing/Scam,www.hyakkiinft.xyz
Phishing/Scam,www.lasthoopenft.xyz
Phishing/Scam,nfa-innc.xyz
Phishing/Scam,www.metaverse-hhq.xyz
Phishing/Scam,www.atssnft.xyz
Phishing/Scam,www.wagmigamecco.xyz
Phishing/Scam,zombieccclub.xyz
Phishing/Scam,www.blocktonees.xyz
Phishing/Scam,www.mycuriocarrds.xyz
Phishing/Scam,cryptto-bull-nft.xyz
Phishing/Scam,hexgo.vip
Phishing/Scam,othersoil.xyz
Phishing/Scam,supercuteworld.art
Phishing/Scam,dave-krugmaan.xyz
Phishing/Scam,cpgcllub.xyz
Phishing/Scam,www.henni1.xyz
Phishing/Scam,chikoo-roko.free300mints.com
Phishing/Scam,theapeelist.xyz
Phishing/Scam,www.junglersnfft.xyz
Phishing/Scam,cloneforcettm.xyz
Phishing/Scam,kongplaneet.xyz
Phishing/Scam,beyondearth-nfft.xyz
Phishing/Scam,genuiineundead.xyz
Phishing/Scam,metropolisworlld.xyz
Phishing/Scam,aireinnnft.xyz
Phishing/Scam,www.astrobotsocietty.xyz
Phishing/Scam,sporefare.xyz
Phishing/Scam,cabalacreepz.co
Phishing/Scam,www.lacosste.xyz
Phishing/Scam,inbetweeenersnft.xyz
Phishing/Scam,www.cryptoomories.xyz
Phishing/Scam,www.anotherblockk-io.xyz
Phishing/Scam,memeland.mint-available.com
Phishing/Scam,mimicshhanns.xyz
Phishing/Scam,graycraftnfft.xyz
Phishing/Scam,mclarenautto.xyz
Phishing/Scam,www.tylerxxhobbs.xyz
Phishing/Scam,big3ownershiip.free300mints.com
Phishing/Scam,wearehuume.xyz
Phishing/Scam,0n1foorce.xyz
Phishing/Scam,moodflip.site
Phishing/Scam,www.moodflip.site
Phishing/Scam,osfnft.live
Phishing/Scam,xn--xqu-tma.com
Phishing/Scam,xn--seasde-6va.xyz
Phishing/Scam,xn--apecin-exa.com
Phishing/Scam,chimpers-freemint.art
Phishing/Scam,moonbird-oddities.xyz
Phishing/Scam,liveartnft.xyz
Phishing/Scam,memelandofficial.xyz
Phishing/Scam,www.boredbunnysmint.com
Phishing/Scam,bapesclan-freemint.xyz
Phishing/Scam,ghettoapes.pro
Phishing/Scam,dejitarutsuka.claims
Phishing/Scam,mooncatz-nft.com
Phishing/Scam,1block-officiaal.xyz
Phishing/Scam,krapopolisnft.xyz
Phishing/Scam,operationmitsubishis.com
Phishing/Scam,www.auzki.com
Phishing/Scam,auzki.com
Phishing/Scam,www.mint-seaside.club
Phishing/Scam,www.goblins.whitelist-spots.com
Phishing/Scam,goblins.whitelist-spots.com
Phishing/Scam,otherside.whitelist-spots.com
Phishing/Scam,bapetaverse.whitelist-spots.com
Phishing/Scam,www.rfktt.com
Phishing/Scam,www.bapetaverse.whitelist-spots.com
Phishing/Scam,mint.kaijukingz.cyou
Phishing/Scam,www.kaijukingz.cyou
Phishing/Scam,gemxyz.biz
Phishing/Scam,aradena.bond
Phishing/Scam,www.mint.kaijukingz.cyou
Phishing/Scam,www.aradena.bond
Phishing/Scam,www.gemxyz.biz
Phishing/Scam,www.otherside.whitelist-spots.com
Phishing/Scam,www.everdome.cyou
Phishing/Scam,rfktt.com
Phishing/Scam,unlimiteedd.com
Phishing/Scam,atssnft.xyz
Phishing/Scam,digidaigaku-spirit.com
Phishing/Scam,xn--digdagaku-xpbc.com
Phishing/Scam,metalegendsnft.xyz
Phishing/Scam,atamaofficial.xyz
Phishing/Scam,big3ownershiip.xyz
Phishing/Scam,cooltimes.xyz
Phishing/Scam,www.cryptosimeij.com
Phishing/Scam,seasonsmint.com
Phishing/Scam,flufworld-freemint.xyz
Phishing/Scam,www.1inameelionwatch.org
Phishing/Scam,ektachain.xyz
Phishing/Scam,godjiranft.xyz
Phishing/Scam,strangersxyyz.xyz
Phishing/Scam,godhatesnft.art
Phishing/Scam,www.unlimiteedd.com
Phishing/Scam,metaheronft.xyz
Phishing/Scam,tyans.xyz
Phishing/Scam,www.ethereumtowers.bond
Phishing/Scam,www.astrobotsociety.cyou
Phishing/Scam,www.ultiverse.biz
Phishing/Scam,www.netvrk.bond
Phishing/Scam,undeadblocks.cyou
Phishing/Scam,www.sneakerheadsoff.bond
Phishing/Scam,www.mint.yieldguild.biz
Phishing/Scam,mint.yieldguild.biz
Phishing/Scam,spaceriders.bond
Phishing/Scam,metabountyhunters.biz
Phishing/Scam,www.rebelbots.cyou
Phishing/Scam,www.galaxis.bond
Phishing/Scam,www.dragonfish.cyou
Phishing/Scam,www.godhatesnftees.bond
Phishing/Scam,www.freemint.gabrieljweis.club
Phishing/Scam,www.freemint.genuineundead.bond
Phishing/Scam,www.ninja-dao.top
Phishing/Scam,freemint.gabrieljweis.club
Phishing/Scam,www.app.wilderworld.bond
Phishing/Scam,ethereumtowers.bond
Phishing/Scam,www.shrapnel.bond
Phishing/Scam,angrycat.bond
Phishing/Scam,akuworld.cyou
Phishing/Scam,apehaterclub.bond
Phishing/Scam,www.apereunion.bond
Phishing/Scam,astrobotsociety.cyou
Phishing/Scam,apereunion.bond
Phishing/Scam,www.apehaterclub.bond
Phishing/Scam,www.enpiox.site
Phishing/Scam,www.app.wgminterfaces.cyou
Phishing/Scam,enpiox.site
Phishing/Scam,eferrariph.mint-salelist.live
Phishing/Scam,keungz.xyz
Phishing/Scam,wgminterfaces.cyou
Phishing/Scam,squiggly.bar
Phishing/Scam,www.wgminterfaces.cyou
Phishing/Scam,www.squiggly.bar
Phishing/Scam,app.wgminterfaces.cyou
Phishing/Scam,chessuniverse.mint-salelist.live
Phishing/Scam,dragonfish.cyou
Phishing/Scam,ninja-dao.top
Phishing/Scam,quantumofficial.xyz
Phishing/Scam,premiint-nft.xyz
Phishing/Scam,xn--artbocks-qnb.com
Phishing/Scam,www.superrrare.xyz
Phishing/Scam,pieceoofshit-wtf.xyz
Phishing/Scam,shamaanzs.xyz
Phishing/Scam,ymhhnft.xyz
Phishing/Scam,www.8lienssnft.xyz
Phishing/Scam,www.xn--dao-ooksrare-78b.org
Phishing/Scam,www.aavesr.xyz
Phishing/Scam,www.exosama-mint.xyz
Phishing/Scam,meltdowwnnft.xyz
Phishing/Scam,drjiofficial.xyz
Phishing/Scam,www.ey3kk0n.xyz
Phishing/Scam,theposssessednft.xyz
Phishing/Scam,www.kongplaneet.xyz
Phishing/Scam,edo2022-nfft.xyz
Phishing/Scam,www.lidosr.xyz
Phishing/Scam,junglersnfft.xyz
Phishing/Scam,xn--dao-ooksrare-78b.org
Phishing/Scam,y00tsyyc.xyz
Phishing/Scam,nft.lifestylefever.com
Phishing/Scam,motozuki.com
Phishing/Scam,coin-multi.net
Phishing/Scam,coin-trustpad.com
Phishing/Scam,metalionkingdom.io
Phishing/Scam,nudiecommunity.com
Phishing/Scam,www.peking-monsterrs.xyz
Phishing/Scam,www.theapeelist.xyz
Phishing/Scam,xn--multbeasts-0ub.xyz
Phishing/Scam,tylerxxhobbs.xyz
Phishing/Scam,onewordbricck.xyz
Phishing/Scam,thestoicsnfft.xyz
Phishing/Scam,metrogrradnft.xyz
Phishing/Scam,probabblynothing.xyz
Phishing/Scam,legendarryowls.xyz
Phishing/Scam,www.cult1vatee.xyz
Phishing/Scam,acrone.site
Phishing/Scam,nft-uniswap.org
Phishing/Scam,lvciidia.xyz
Phishing/Scam,www.livearttx.xyz
Phishing/Scam,www.apehatercluub.xyz
Phishing/Scam,fancybeearsmeta.xyz
Phishing/Scam,www.akumuudragonz.xyz
Phishing/Scam,www.degenznfft.xyz
Phishing/Scam,vivity.quest
Phishing/Scam,nijigen-mint.com
Phishing/Scam,summer-coco-mint.com
Phishing/Scam,www.tsrocketfactoory.xyz
Phishing/Scam,bayc-2022.com
Phishing/Scam,metascannft.xyz
Phishing/Scam,lilheroes.cyou
Phishing/Scam,galaxis.bond
Phishing/Scam,godhatesnftees.bond
Phishing/Scam,freemint.genuineundead.bond
Phishing/Scam,gabrieljweis.club
Phishing/Scam,metalcore.bond
Phishing/Scam,altstatemachine.xyz
Phishing/Scam,chainsawwnft.xyz
Phishing/Scam,www.onewordbricck.xyz
Phishing/Scam,livearttx.xyz
Phishing/Scam,247comicshhq.xyz
Phishing/Scam,anotherblockk-io.xyz
Phishing/Scam,www.veefriends.bond
Phishing/Scam,www.invisiblefriends.cyou
Phishing/Scam,kaijufrrenz.xyz
Phishing/Scam,www.247comicshhq.xyz
Phishing/Scam,www.killabearssnft.xyz
Phishing/Scam,mail.apecoindrops.xyz
Phishing/Scam,apecoindrops.xyz
Phishing/Scam,lookiavataar.xyz
Phishing/Scam,eternal-vikinggs.xyz
Phishing/Scam,furyofthefurnfft.xyz
Phishing/Scam,multi-launch.org
Phishing/Scam,www.niftyportaal.xyz
Phishing/Scam,www.metropolisworlld.xyz
Phishing/Scam,cyberbbrokers.xyz
Phishing/Scam,www.premiint-nft.xyz
Phishing/Scam,azukiofficial-freemint.art
Phishing/Scam,www.genopets.bond
Phishing/Scam,capsule-housse.xyz
Phishing/Scam,shojiira.xyz
Phishing/Scam,www.apecoindrops.xyz
Phishing/Scam,popartcatts.xyz
Phishing/Scam,www.twitterscan.live-premint.xyz
Phishing/Scam,dystopunkks.xyz
Phishing/Scam,stonercatsttv.xyz
Phishing/Scam,seekers-xyyz.xyz
Phishing/Scam,heartnftss.xyz
Phishing/Scam,woodlandrz.minting-live.cc
Phishing/Scam,mooncatresccue.xyz
Phishing/Scam,mint-tbachronicles.xyz
Phishing/Scam,los-muertosnfft.xyz
Phishing/Scam,gevolsnfft.xyz
Phishing/Scam,nftcryptochickks.xyz
Phishing/Scam,killabears-nft.xyz
Phishing/Scam,niftyleaguenfts.xyz
Phishing/Scam,fanggangnfft.xyz
Phishing/Scam,www.metroverseland.com
Phishing/Scam,free-doodles.xyz
Phishing/Scam,xn--cloudmachnenft-8lb.com
Phishing/Scam,unleasshed-nft.xyz
Phishing/Scam,www.laidbackllamaas.xyz
Phishing/Scam,psycatz.wl-premint.cc
Phishing/Scam,quirkiesofficial.xyz
Phishing/Scam,doodles.freemints.live
Phishing/Scam,robertmondavi.xyz
Phishing/Scam,moondens.xyz
Phishing/Scam,thehashmassks.xyz
Phishing/Scam,www.swampversenfft.xyz
Phishing/Scam,riselikephoenix.fun
Phishing/Scam,igloosgenesis.com
Phishing/Scam,memeslandnft.com
Phishing/Scam,www.boonjiprojecct.xyz
Phishing/Scam,grandpaapeecc.xyz
Phishing/Scam,swampversenfft.xyz
Phishing/Scam,www.superlativesss.xyz
Phishing/Scam,rootrroopnft.xyz
Phishing/Scam,mempus.site
Phishing/Scam,www.avastarsnfft.xyz
Phishing/Scam,free-worldofwomen.xyz
Phishing/Scam,www.onchainbuccaneer.com
Phishing/Scam,loot-project.xyz
Phishing/Scam,tsukimi.claim-freemint.com
Phishing/Scam,tengoku.one
Phishing/Scam,cyberwalkers.xyz
Phishing/Scam,mafia-dogs.xyz
Phishing/Scam,yogapetz.one
Phishing/Scam,dark-labs.xyz
Phishing/Scam,www.claimslp.com
Phishing/Scam,xn--sllyhedgehogs-wib.com
Phishing/Scam,xqui.claim-freemint.com
Phishing/Scam,cryptoadznft.art
Phishing/Scam,200keys.com
Phishing/Scam,maticmike.club
Phishing/Scam,cyberbrokersnft.xyz
Phishing/Scam,vulcan-auth.xyz
Phishing/Scam,thehaasbrothers.xyz
Phishing/Scam,mafiadogs.claim-freemint.com
Phishing/Scam,onchainbuccaneer.com
Phishing/Scam,www.angrycatznfts.com
Phishing/Scam,www.veefrenids.com
Phishing/Scam,qubice.site
Phishing/Scam,multi-launchpad.net
Phishing/Scam,www.shibabets.pro
Phishing/Scam,yamsdev.com
Phishing/Scam,
Phishing/Scam,www.worldofmythesda.fun
Phishing/Scam,metacosmicnft.xyz
Phishing/Scam,angrycatznfts.com
Phishing/Scam,revoke.bar
Phishing/Scam,cryptaodz.com
Phishing/Scam,noetokyo.com
Phishing/Scam,kitrao.com
Phishing/Scam,www.kitrao.com
Phishing/Scam,www.angrycatznft.com
Phishing/Scam,angrycatznft.com
Phishing/Scam,veefrenids.com
Phishing/Scam,www.cryptaodz.com
Phishing/Scam,laidbackllamaas.xyz
Phishing/Scam,www.villevoxeel.xyz
Phishing/Scam,thematrixworlld.xyz
Phishing/Scam,champions.ink
Phishing/Scam,projectmaybe.pre-minting.live
Phishing/Scam,www.coolmonkees.xyz
Phishing/Scam,www.monsterbudsnfft.xyz
Phishing/Scam,flowergirlsnfft.xyz
Phishing/Scam,oogaversse.xyz
Phishing/Scam,monsterbudsnfft.xyz
Phishing/Scam,www.fanggangnfft.xyz
Phishing/Scam,moodrollerrs.xyz
Phishing/Scam,www.cakedapees.xyz
Phishing/Scam,www.flowergirlsnfft.xyz
Phishing/Scam,v3punks.io
Phishing/Scam,deekaymotioon.xyz
Phishing/Scam,niftyleaguue.xyz
Phishing/Scam,www.deekaymotioon.xyz
Phishing/Scam,www.azuki.com.co
Phishing/Scam,sad-girls-baar.xyz
Phishing/Scam,bmcnft.live
Phishing/Scam,mint-seaside.com
Phishing/Scam,hypebearscluub.xyz
Phishing/Scam,mingopack.org
Phishing/Scam,artblocks-october.io
Phishing/Scam,xxpp.org
Phishing/Scam,rektguy.live
Phishing/Scam,www.moodrollerrs.xyz
Phishing/Scam,gangstamice.com
Phishing/Scam,www.thewhitelistiio.xyz
Phishing/Scam,thegalagames.xyz
Phishing/Scam,bitcloutcaat.xyz
Phishing/Scam,yu-gi-ym.xyz
Phishing/Scam,bevviesnft.xyz
Phishing/Scam,vulcan-authing.xyz
Phishing/Scam,kalebnft.live
Phishing/Scam,alpacadabraaz.xyz
Phishing/Scam,centralizedweb3exchange.pro
Phishing/Scam,defi-chains.org
Phishing/Scam,www.yu-gi-ym.xyz
Phishing/Scam,adoptedgorillas.xyz
Phishing/Scam,nyolings.net
Phishing/Scam,huxleynfts.xyz
Phishing/Scam,www.cryptobots-gamme.xyz
Phishing/Scam,galyversse.xyz
Phishing/Scam,cryptobots-gamme.xyz
Phishing/Scam,cpgclub.live
Phishing/Scam,www.pxquesst.xyz
Phishing/Scam,gendungeoon.xyz
Phishing/Scam,cakedapees.xyz
Phishing/Scam,www.nuclearnerdds.xyz
Phishing/Scam,superplastiic.xyz
Phishing/Scam,thesevenss-7.xyz
Phishing/Scam,tthugsnfft.xyz
Phishing/Scam,www.spacepunkscluub.xyz
Phishing/Scam,www.lootprojecct.xyz
Phishing/Scam,www.mev-officiial.xyz
Phishing/Scam,officialapexdeex.xyz
Phishing/Scam,evaverse-nfft.xyz
Phishing/Scam,superfarmdaao.xyz
Phishing/Scam,www.seekers-xyyz.xyz
Phishing/Scam,www.gendungeoon.xyz
Phishing/Scam,www.bitcloutcaat.xyz
Phishing/Scam,deadfellazofficial.xyz
Phishing/Scam,pixelsonline.live
Phishing/Scam,hapesocial.xyz
Phishing/Scam,www.animetass1.xyz
Phishing/Scam,slimhoodds.xyz
Phishing/Scam,www.sad-girls-baar.xyz
Phishing/Scam,www.tthugsnfft.xyz
Phishing/Scam,www.cloudmachinenfft.xyz
Phishing/Scam,www.oogaversse.xyz
Phishing/Scam,www.superplastiic.xyz
Phishing/Scam,www.slimhoodds.xyz
Phishing/Scam,villevoxeel.xyz
Phishing/Scam,moonbirds-meta.xyz
Phishing/Scam,freemint-wl.xyz
Phishing/Scam,claimslp.com
Phishing/Scam,xqui-mint.xyz
Phishing/Scam,abstractrealmnft.com
Phishing/Scam,bonfirenft.xyz
Phishing/Scam,www.pixels-oonline.xyz
Phishing/Scam,realmsnft.xyz
Phishing/Scam,rektguynfft.xyz
Phishing/Scam,www.tokenmax.xyz
Phishing/Scam,thespacebuls.com
Phishing/Scam,mooncatsi.xyz
Phishing/Scam,otherside-freemint.art
Phishing/Scam,otherside-october.xyz
Phishing/Scam,www.keunng.xyz
Phishing/Scam,rugradiio.xyz
Phishing/Scam,meta-idsync.com
Phishing/Scam,www.y00tsyyc.xyz
Phishing/Scam,wagmiarmynfft.xyz
Phishing/Scam,atamaa-nft.xyz
Phishing/Scam,www.genuiineundead.xyz
Phishing/Scam,www.xrabbbitsclub.xyz
Phishing/Scam,wilderrworld.xyz
Phishing/Scam,www.rugradiio.xyz
Phishing/Scam,www.beanss-nfts.xyz
Phishing/Scam,littlelemmonsnft.xyz
Phishing/Scam,www.fancybeearsmeta.xyz
Phishing/Scam,tigerbob-freemint.xyz
Phishing/Scam,nft.medenx.space
Phishing/Scam,islandvoyageacc.xyz
Phishing/Scam,shinnokinfft.xyz
Phishing/Scam,thesauudisnft.xyz
Phishing/Scam,www.rektguynfft.xyz
Phishing/Scam,www.wagdie-etth.xyz
Phishing/Scam,strangersxyyz.free300mints.com
Phishing/Scam,nftadvvent.xyz
Phishing/Scam,www.alteredstatemachine.live-premint.xyz
Phishing/Scam,metamanssionsnft.free300mints.com
Phishing/Scam,originsnfft.xyz
Phishing/Scam,bears-deluxxe.xyz
Phishing/Scam,quantumnfft.xyz
Phishing/Scam,darbootznft.xyz
Phishing/Scam,atarixx.xyz
Phishing/Scam,www.hydrowhalescllub.xyz
Phishing/Scam,www.officialapexdeex.xyz
Phishing/Scam,lacosste.xyz
Phishing/Scam,adambombsquaad.xyz
Phishing/Scam,www.poolsuitte.xyz
Phishing/Scam,www.wagmiarmynfft.xyz
Phishing/Scam,fromtube.drops-free.com
Phishing/Scam,stayhumangenesis.drops-free.com
Phishing/Scam,metascanner.pro
Phishing/Scam,www.missinngfrontier.xyz
Phishing/Scam,www.poetslosst.xyz
Phishing/Scam,gameofsillks.xyz
Phishing/Scam,moonsttrikenft.xyz
Phishing/Scam,officialboinft.drops-free.com
Phishing/Scam,www.1block-officiaal.xyz
Phishing/Scam,www.habbonfft.xyz
Phishing/Scam,gatsbyytools.xyz
Phishing/Scam,posers-nfft.xyz
Phishing/Scam,www.blvckpaaris.xyz
Phishing/Scam,www.boxing-boyyz.xyz
Phishing/Scam,www.shojiira.xyz
Phishing/Scam,tsrocketfactoory.xyz
Phishing/Scam,www.chainsawwnft.xyz
Phishing/Scam,drjicclub.xyz
Phishing/Scam,metascan.drops-free.com
Phishing/Scam,bloodwars.drops-free.com
Phishing/Scam,www.starlinnketh.xyz
Phishing/Scam,www.quantumnfft.xyz
Phishing/Scam,nftsensseixyz.xyz
Phishing/Scam,syltarre.xyz
Phishing/Scam,chiitanlove.mints-livenow.com
Phishing/Scam,slickcitynft.mints-livenow.com
Phishing/Scam,eternalvikings.mints-livenow.com
Phishing/Scam,airein.drops-free.com
Phishing/Scam,metabrewsociety.free-mintnow.com
Phishing/Scam,888atari50.co
Phishing/Scam,drops-free.com
Phishing/Scam,kawaiitrump.mints-livenow.com
Phishing/Scam,overbornenft.mints-livenow.com
Phishing/Scam,tatgaming.drops-free.com
Phishing/Scam,blocktones.mints-livenow.com
Phishing/Scam,plutuslandglobal.mints-livenow.com
Phishing/Scam,xsoldiers.mints-livenow.com
Phishing/Scam,www.cameopasss.xyz
Phishing/Scam,poetslosst.xyz
Phishing/Scam,smallbrosnfft.xyz
Phishing/Scam,dogeclub-nfft.xyz
Phishing/Scam,www.wickedcraniumms.xyz
Phishing/Scam,www.popartcatts.xyz
Phishing/Scam,bullsontheblocck.xyz
Phishing/Scam,www.adambombsquaad.xyz
Phishing/Scam,8siannfft.xyz
Phishing/Scam,wanderers-nfft.xyz
Phishing/Scam,www.catsinthecupps.xyz
Phishing/Scam,www.killaz-nfft.xyz
Phishing/Scam,heybear.xyz
Phishing/Scam,lionkingatjob.xyz
Phishing/Scam,piratebirds.xyz
Phishing/Scam,coin-multi.org
Phishing/Scam,mypethooligannft.xyz
Phishing/Scam,owlgang.club
Phishing/Scam,sudoangels.xyz
Phishing/Scam,www.furyofthefurnfft.xyz
Phishing/Scam,whiteapes.pre-minting.live
Phishing/Scam,www.sansound-nft.xyz
Phishing/Scam,www.gevolsnfft.xyz
Phishing/Scam,prankksy.xyz
Phishing/Scam,www.koalaagencynfft.xyz
Phishing/Scam,henni1.xyz
Phishing/Scam,www.lilheroesnfft.xyz
Phishing/Scam,www.nfa-innc.xyz
Phishing/Scam,3dfrankenpunkks.xyz
Phishing/Scam,peacevoid-worrld.xyz
Phishing/Scam,www.angrypitbulllclb.xyz
Phishing/Scam,catsinthecupps.xyz
Phishing/Scam,www.8siannfft.xyz
Phishing/Scam,www.wagmiuniteed.xyz
Phishing/Scam,www.wearehuume.xyz
Phishing/Scam,revoke.shop
Phishing/Scam,www.tablelannd.xyz
Phishing/Scam,boredapeyachtclubs.xyz
Phishing/Scam,streetlabb-io.xyz
Phishing/Scam,www.drjicclub.xyz
Phishing/Scam,goblintown-freemint.xyz
Phishing/Scam,pinaverse.xyz
Phishing/Scam,superfatapes.io
Phishing/Scam,oddstronauts.com
Phishing/Scam,lordsocietynft.io
Phishing/Scam,www.deepblluio.xyz
Phishing/Scam,www.galaxisxyyz.xyz
Phishing/Scam,www.castawayss-gg.xyz
Phishing/Scam,www.nfteamms.xyz
Phishing/Scam,www.dave-krugmaan.xyz
Phishing/Scam,berachaiin.xyz
Phishing/Scam,www.attomssnft.xyz
Phishing/Scam,wagmiuniteed.xyz
Phishing/Scam,www.elliootrades.xyz
Phishing/Scam,www.otherside-october.xyz
Phishing/Scam,thedogepouundnft.xyz
Phishing/Scam,castawayss-gg.xyz
Phishing/Scam,bighatmonkeyys.xyz
Phishing/Scam,www.kumaveersenft.xyz
Phishing/Scam,yokailaabsnft.xyz
Phishing/Scam,halonfts.xyz
Phishing/Scam,sansound-nft.xyz
Phishing/Scam,www.stmachinenfft.xyz
Phishing/Scam,propertys-nfft.xyz
Phishing/Scam,www.casualslothhs.xyz
Phishing/Scam,www.spottiewiffi.xyz
Phishing/Scam,spottiewiffi.xyz
Phishing/Scam,www.bloomddotxyz.xyz
Phishing/Scam,aspreystudiio.xyz
Phishing/Scam,hydrowhalescllub.xyz
Phishing/Scam,www.eternal-vikinggs.xyz
Phishing/Scam,www.angryapearmmy.xyz
Phishing/Scam,pumma.xyz
Phishing/Scam,www.asunasgiveawayys.xyz
Phishing/Scam,www.punkscomiic.xyz
Phishing/Scam,bloomddotxyz.xyz
Phishing/Scam,thehaasbroothers.xyz
Phishing/Scam,galaxy-egggs.xyz
Phishing/Scam,www.thehummanoidsnft.xyz
Phishing/Scam,themetakeey.xyz
Phishing/Scam,www.thepixxlverse.xyz
Phishing/Scam,genopets.bond
Phishing/Scam,www.x2y2nft.bond
Phishing/Scam,www.lootproject.biz
Phishing/Scam,pixelateliernft.com
Phishing/Scam,borntorevenge.io
Phishing/Scam,1inameelionwatch.org
Phishing/Scam,recur-mint.com
Phishing/Scam,industrialnft.xyz
Phishing/Scam,thetrollsnft.live
Phishing/Scam,moonbirdsai.xyz
Phishing/Scam,cryptwearnft.com
Phishing/Scam,ethereum-shping.com
Phishing/Scam,connecton-collab.land
Phishing/Scam,connectme-collab.land
Phishing/Scam,mint-puma.site
Phishing/Scam,artblocks-gazers.io
Phishing/Scam,xn--digidagaku-2ub.com
Phishing/Scam,ethtonx.club
Phishing/Scam,avyc.claims
Phishing/Scam,ethereum-rubic.com
Phishing/Scam,aireth.pro
Phishing/Scam,xn--doodes-zcb.app
Phishing/Scam,genmarket.app
Phishing/Scam,rtfkt-drops.com
Phishing/Scam,ethereum-uniswap.com
Phishing/Scam,proofofpepe.claims
Phishing/Scam,airdrop-looksrare.net
Phishing/Scam,doodlesme.xyz
Phishing/Scam,airdrop-looksrare.com
Phishing/Scam,aieth.net
Phishing/Scam,golddao.site
Phishing/Scam,cryptobuds.site
Phishing/Scam,meekicks.com
Phishing/Scam,tritonpass.org
Phishing/Scam,udraguardian.host
Phishing/Scam,webaverse.space
Phishing/Scam,coolpetnfts.com
Phishing/Scam,meekicks.app
Phishing/Scam,apekids.fun
Phishing/Scam,poskworld.site
Phishing/Scam,grimreapernft.com
Phishing/Scam,itsfreemint.art
Phishing/Scam,launchpad-shi.com
Phishing/Scam,somethingishapening.xyz
Phishing/Scam,ethmainnets.com
Phishing/Scam,ethmainnet99.com
Phishing/Scam,ethmainnet9.com
Phishing/Scam,ethmainnet88.com
Phishing/Scam,ethmainnet8.com
Phishing/Scam,ethmainnet78.com
Phishing/Scam,x2y2.team
Phishing/Scam,ethmainnet77.com
Phishing/Scam,ethmainnet68.com
Phishing/Scam,ethmainnet66.com
Phishing/Scam,ethmainnet6.com
Phishing/Scam,ethmainnet5.com
Phishing/Scam,ethmainnet33.com
Phishing/Scam,ethmainnet3.com
Phishing/Scam,ethmainnet22.com
Phishing/Scam,ethmainnet7.com
Phishing/Scam,rlc-launchpad.com
Phishing/Scam,othersidebayc.club
Phishing/Scam,aave-v3bnb.com
Phishing/Scam,beta.xn--thesaudsnft-5zb.com
Phishing/Scam,deeper-launchpad.com
Phishing/Scam,mintyogapetz.com
Phishing/Scam,legendarydoodles.app
Phishing/Scam,gangstape.com
Phishing/Scam,pandabears.club
Phishing/Scam,theappreciator.xyz
Phishing/Scam,azuki.website
Phishing/Scam,adventproject.pro
Phishing/Scam,yinyanggang-claim.com
Phishing/Scam,bearfrenz.xyz
Phishing/Scam,outsad.claims
Phishing/Scam,ethmainnet55.com
Phishing/Scam,hypeeth.com
Phishing/Scam,ethair.pro
Phishing/Scam,eth2fork.com
Phishing/Scam,godhatesnftes.org
Phishing/Scam,justafishnft.xyz
Phishing/Scam,deepbluio.com
Phishing/Scam,mutant-potion.xyz
Phishing/Scam,server-2-collab.land
Phishing/Scam,server-3-collab.land
Phishing/Scam,artblocks-chromies.io
Phishing/Scam,server-5-collab.land
Phishing/Scam,server-4-collab.land
Phishing/Scam,parallands-wayfarers-nft.com
Phishing/Scam,defifarmingpro.com
Phishing/Scam,guttercatgang.io
Phishing/Scam,scarysamurai-nft.com
Phishing/Scam,riddel-nft.com
Phishing/Scam,zuku-nft.net
Phishing/Scam,darbotz-official-nft.com
Phishing/Scam,unilaunch-nft.com
Phishing/Scam,lucid-garden-nft.com
Phishing/Scam,krapopolisnft.mints-now.com
Phishing/Scam,psychosushiclan.art
Phishing/Scam,hameer-hideout-nft.com
Phishing/Scam,ezu-nft.com
Phishing/Scam,server-connect-collab.land
Phishing/Scam,ethgetbinance.com
Phishing/Scam,dwiss.mints-livenow.com
Phishing/Scam,amazon.wl-official.com
Phishing/Scam,leverjdefi-web.com
Phishing/Scam,usdtethereum.com
Phishing/Scam,supermining.life
Phishing/Scam,bybltex.com
Phishing/Scam,godhatesnftees.club
Phishing/Scam,8liens.start-premint.com
Phishing/Scam,thepossessed.pro
Phishing/Scam,www.opensea.io.verification.dzinerstudio.com
Phishing/Scam,www.opensea.io.verification.fem-energy.com
Phishing/Scam,www.opensea.io.verification.comercialbuza.cl
Phishing/Scam,www.opensea.io.verification.dccolombia.com
Phishing/Scam,eventsbinance.com
Phishing/Scam,earn2binance.com
Phishing/Scam,ronaldobinance.com
Phishing/Scam,dapp.qatar2022.work
Phishing/Scam,tengoku-nft.com
Phishing/Scam,boi-nft.com
Phishing/Scam,3877-nft.com
Phishing/Scam,usdt-tethereum.com
Phishing/Scam,rtfktnft.org
Phishing/Scam,ethereum-just.com
Phishing/Scam,ethereum-gala.com
Phishing/Scam,cryptoaffiliaterewards.com
Phishing/Scam,erc20.biz
Phishing/Scam,bybx.exchange
Phishing/Scam,usdttethereum.com
Phishing/Scam,1inameelionwatch.space
Phishing/Scam,coinbasefund.vip
Phishing/Scam,coinbasefund.pro
Phishing/Scam,coinbasedefi.club
Phishing/Scam,coinbasedefi.cloud
Phishing/Scam,coinbasedefi.one
Phishing/Scam,rtfkft.com
Phishing/Scam,looksdrop.com
Phishing/Scam,pudgypenguins.space
Phishing/Scam,bancoreth.com
Phishing/Scam,kgpotatonft.com
Phishing/Scam,cryptopayeer.net
Phishing/Scam,epic-league-nft.com
Phishing/Scam,thezendao-nft.com
Phishing/Scam,ogreworld-nft.com
Phishing/Scam,neko-no-mori-nft.com
Phishing/Scam,endless-nights-nft.com
Phishing/Scam,project-shojira-nft.com
Phishing/Scam,click-chicken-nft.com
Phishing/Scam,ovr-mint.com
Phishing/Scam,server-6-collab.land
Phishing/Scam,cupcats.wl-limit.com
Phishing/Scam,better-lanch.org
Phishing/Scam,multi-coinspad.org
Phishing/Scam,coins-pad.org
Phishing/Scam,multi-coinpad.org
Phishing/Scam,multi-coins.org
Phishing/Scam,multipad-coin.org
Phishing/Scam,premint.skin
Phishing/Scam,ethmainnet2.com
Phishing/Scam,multichain-crypto.org
Phishing/Scam,ethmainnet18.com
Phishing/Scam,ethmainnet1.com
Phishing/Scam,nftsnickelodeon.com
Phishing/Scam,grayboysnft.world
Phishing/Scam,billionairebirdsclub.xyz
Phishing/Scam,rtfkt-nike.xyz
Phishing/Scam,gmstudio.claims
Phishing/Scam,tokyonftlab.claims
Phishing/Scam,premint.today
Phishing/Scam,ledgermarketpass.com
Phishing/Scam,premints.info
Phishing/Scam,bottleheads.xyz
Phishing/Scam,fairyfiends.xyz
Phishing/Scam,artificialintelligenececlub.io
Phishing/Scam,gochigang.com
Phishing/Scam,mysticsuniverse.club
Phishing/Scam,nests-moonbirds.xyz
Phishing/Scam,thedoodles.net
Phishing/Scam,thesaudlsnft.com
Phishing/Scam,burger-goblin.wtf
Phishing/Scam,nftnickelodeon.xyz
Phishing/Scam,emanueleferrari.claims
Phishing/Scam,dinosgang.com
Phishing/Scam,nft.tiflfany.com
Phishing/Scam,nft-tiffany.com
Phishing/Scam,basedghouls.claims
Phishing/Scam,nftniickelodeon.com
Phishing/Scam,highstonedapes.xyz
Phishing/Scam,themusicape.xyz
Phishing/Scam,murakamiflowers-tshirts.com
Phishing/Scam,niickelodeonnft.xyz
Phishing/Scam,nickelodeonfts.xyz
Phishing/Scam,esionnft.live
Phishing/Scam,nickelodeonnfts.app
Phishing/Scam,metacard.claims
Phishing/Scam,spacedoodles.club
Phishing/Scam,t-shirt-murakami-flowers.com
Phishing/Scam,nftsnickelodeon.xyz
Phishing/Scam,flufgoblintown.world
Phishing/Scam,deskeleton.xyz
Phishing/Scam,soul-watchers.com
Phishing/Scam,dinoworld.land
Phishing/Scam,doodles-claim.app
Phishing/Scam,goblin-cyborg.wtf
Phishing/Scam,monkeezbits.com
Phishing/Scam,freaky-ape-club.wtf
Phishing/Scam,alieneyes.xyz
Phishing/Scam,futuristic-robots.com
Phishing/Scam,creepyboyz.xyz
Phishing/Scam,cryptopunks-claim.xyz
Phishing/Scam,ens.limited
Phishing/Scam,hertzcity.club
Phishing/Scam,spaceape.wtf
Phishing/Scam,degen-warriors.com
Phishing/Scam,azuki-jacket.com
Phishing/Scam,yakuzziofficial.netlify.app
Phishing/Scam,yakuzzii.xyz
Phishing/Scam,degen-archangels.com
Phishing/Scam,app-coinmarketcap.com
Phishing/Scam,grannyapes.xyz
Phishing/Scam,mad-dragons.io
Phishing/Scam,moonratsnft.xyz
Phishing/Scam,toyboogers.website
Phishing/Scam,thedoodles.org
Phishing/Scam,weed-monkey-club.wtf
Phishing/Scam,doodles-mint.xyz
Phishing/Scam,esionnft.xyz
Phishing/Scam,sneakerheadsup.xyz
Phishing/Scam,apesart.xyz
Phishing/Scam,azzzzuki-bear-market.wtf
Phishing/Scam,eternalwitches.xyz
Phishing/Scam,premint-otherside.xyz
Phishing/Scam,grandpagoblinz.wtf
Phishing/Scam,thedoodles.xyz
Phishing/Scam,paraswap-io.com
Phishing/Scam,theseasons.one
Phishing/Scam,fuckthissummer.xyz
Phishing/Scam,moonscape.pro
Phishing/Scam,moonbirds-madness.xyz
Phishing/Scam,nakebs.xyz
Phishing/Scam,holykitten.xyz
Phishing/Scam,rareapepesyachtclub.com
Phishing/Scam,sickapecoclety.com
Phishing/Scam,gatorizednft.com
Phishing/Scam,mirsofspacenft.com
Phishing/Scam,restlessnft.xyz
Phishing/Scam,otherdeedxyz.com
Phishing/Scam,mylastnft.io
Phishing/Scam,rayc.mintnewuniverse.com
Phishing/Scam,pumanitronft.com
Phishing/Scam,sushifrens-allowlist.com
Phishing/Scam,cryptopunksgiveaway.com
Phishing/Scam,ethmining.pro
Phishing/Scam,diamondhandsdao.netlify.app
Phishing/Scam,mittaria.xyz
Phishing/Scam,fasnfts.com
Phishing/Scam,gossapegirl.xyz
Phishing/Scam,stonesquad.club
Phishing/Scam,thesandboxland.org
Phishing/Scam,theasianmint.com
Phishing/Scam,revengebird.com
Phishing/Scam,apeartyatchclub.com
Phishing/Scam,wasdnft.claims
Phishing/Scam,etedapp.xyz
Phishing/Scam,daydreamersnft.io
Phishing/Scam,degentool.xyz
Phishing/Scam,launchpad-chiliz.com
Phishing/Scam,gangsterallstar-nft.com
Phishing/Scam,token-collab.com
Phishing/Scam,floaties.pro
Phishing/Scam,battlemancers.net
Phishing/Scam,degentweet.com
Phishing/Scam,www.commonersclub.xyz
Phishing/Scam,pancake-vra.com
Phishing/Scam,pancake-kishu.com
Phishing/Scam,moonbirds-animate.xyz
Phishing/Scam,allowlist-premint.xyz
Phishing/Scam,10ktf-premint.xyz
Phishing/Scam,kaitunft.com
Phishing/Scam,whoneedprivacy.io
Phishing/Scam,doodlesfreemint.com
Phishing/Scam,pumanitropass.com
Phishing/Scam,grandpagoblinz.xyz
Phishing/Scam,underwaterclub.xyz
Phishing/Scam,doodlesmint.info
Phishing/Scam,cryptosdickbutts.com
Phishing/Scam,batmoooonbirds.xyz
Phishing/Scam,goldiggerz.xyz
Phishing/Scam,magicalbeings.io
Phishing/Scam,premint-thepotatoz.xyz
Phishing/Scam,theazukigarden.com
Phishing/Scam,theapien.xyz
Phishing/Scam,warriorsofankh.xyz
Phishing/Scam,ghostlab.pro
Phishing/Scam,otherside-premint.xyz
Phishing/Scam,thepotatoz-premint.xyz
Phishing/Scam,test-otherside.com
Phishing/Scam,heroape.io
Phishing/Scam,exodia.pro
Phishing/Scam,mydobermann.org
Phishing/Scam,cosmicclones.xyz
Phishing/Scam,moonbird-xyz.com
Phishing/Scam,pumanitrotoken.com
Phishing/Scam,astroapesbbabys.netlify.app
Phishing/Scam,opensea.profilesetting.in
Phishing/Scam,serpentanft.com
Phishing/Scam,gmstudio.io
Phishing/Scam,digidaigaku.claims
Phishing/Scam,warrlorsofankh.xyz
Phishing/Scam,ghost-iab.xyz
Phishing/Scam,growmemeland.com
Phishing/Scam,ethereum-v2s.com
Phishing/Scam,defiiswap.com
Phishing/Scam,8liensnft-free.netlify.app
Phishing/Scam,transylvaniecastle.xyz
Phishing/Scam,meepsofficial.io
Phishing/Scam,8liens.co
Phishing/Scam,cryptomaid.xyz
Phishing/Scam,nickelodeonsnfts.com
Phishing/Scam,ethmainnet11.com
Phishing/Scam,crypto-multichain.org
Phishing/Scam,pancaketicket.finance
Phishing/Scam,reimexchange.com
Phishing/Scam,wanderversenft.xyz
Phishing/Scam,www.meekicks.app
Phishing/Scam,yogapetznft.com
Phishing/Scam,wafukus.site
Phishing/Scam,botshypenft.com
Phishing/Scam,dlart.site
Phishing/Scam,doodlin.town
Phishing/Scam,ancientcatsclub.io
Phishing/Scam,solep.site
Phishing/Scam,www.webaverse.me
Phishing/Scam,ghxstsofficial.art
Phishing/Scam,digidaigakunft.xyz
Phishing/Scam,0xmons.art
Phishing/Scam,rockybot.app
Phishing/Scam,clonexpets.com
Phishing/Scam,travala.art
Phishing/Scam,ancientheroes.xyz
Phishing/Scam,rtfkt-mnlth.shop
Phishing/Scam,sneakerheadsoff.bond
Phishing/Scam,zombieclub.cyou
Phishing/Scam,veefriends-freemint.art
Phishing/Scam,womenandweaponsnft.xyz
Phishing/Scam,acrocalypsenft.xyz
Phishing/Scam,dourdarcelsnft.xyz
Phishing/Scam,superrare-freemint.xyz
Phishing/Scam,shinseigalversenft.xyz
Phishing/Scam,habbosnft.xyz
Phishing/Scam,etherphrock.com
Phishing/Scam,lostpoetsnft.xyz
Phishing/Scam,niftyleaguenft.xyz
Phishing/Scam,crypto-usdt.world
Phishing/Scam,moffprotectors.xyz
Phishing/Scam,otlhersidle.xyz
Phishing/Scam,ezunft.xyz
Phishing/Scam,webaverse.cyou
Phishing/Scam,degentoonz.cyou
Phishing/Scam,people0fcrypto.xyz
Phishing/Scam,thetreeverse.art
Phishing/Scam,traveltigerclub.xyz
Phishing/Scam,azuki-new.xyz
Phishing/Scam,nftpages.net
Phishing/Scam,firebot.gg
Phishing/Scam,azuki.wl-premints.com
Phishing/Scam,eternalvikings.co
Phishing/Scam,otherside2.xyz
Phishing/Scam,www.hpos10i.com
Phishing/Scam,deadfellaznfts.xyz
Phishing/Scam,saudibird.netlify.app
Phishing/Scam,mint.jengas.io
Phishing/Scam,invisiblefriends.host
Phishing/Scam,www.tritonpass.org
Phishing/Scam,shrinemaiden.xyz
Phishing/Scam,invlsiblefriends.io
Phishing/Scam,www.societyofsatoshi.com
Phishing/Scam,www.nudiecommunity.com
Phishing/Scam,s7nstations.com
Phishing/Scam,www.invisiblefriends.gg
Phishing/Scam,coolbones.netlify.app
Phishing/Scam,kgdy2-eaaaa-aaaad-qbomq-cai.raw.ic0.app
Phishing/Scam,blocktones.claims
Phishing/Scam,thealienboynft.xyz
Phishing/Scam,doodless.xyz
Phishing/Scam,xn--gblintown-56a.com
Phishing/Scam,samuraisaganft.xyz
Phishing/Scam,jenkinsithevalet.xyz
Phishing/Scam,smilesssnft.xyz
Phishing/Scam,illogicsnft.xyz
Phishing/Scam,royalfools.claims
Phishing/Scam,moonbirds-livemint.xyz
Phishing/Scam,othersidewild.xyz
Phishing/Scam,kiwaminft.xyz
Phishing/Scam,nuclearnerdsnft.xyz
Phishing/Scam,flooznft.xyz
Phishing/Scam,foxfamnft.xyz
Phishing/Scam,rocketlaunchpad.finance
Phishing/Scam,dgcoinmining.com
Phishing/Scam,gevolsnft.xyz
Phishing/Scam,mcnft.fun
Phishing/Scam,pudgypenguinsnft.art
Phishing/Scam,cyberpandaclub.com
Phishing/Scam,www.tyans.xyz
Phishing/Scam,www.dlart.site
Phishing/Scam,www.solep.site
Phishing/Scam,www.wafukus.site
Phishing/Scam,iluvium.xyz
Phishing/Scam,cube-x.xyz
Phishing/Scam,flufs.xyz
Phishing/Scam,genshinnft.xyz
Phishing/Scam,boredapesclub.xyz
Phishing/Scam,upcoming.ink
Phishing/Scam,deadfelaz.xyz
Phishing/Scam,zebrarepublic.xyz
Phishing/Scam,luppy.xyz
Phishing/Scam,metascanpro.xyz
Phishing/Scam,othersides.live
Phishing/Scam,chimper-mint.xyz
Phishing/Scam,exolienznft.xyz
Phishing/Scam,mail.worldofmythesda.fun
Phishing/Scam,www.witchesnft.xyz
Phishing/Scam,www.azuki-nft.bond
Phishing/Scam,mint.genopets.bond
Phishing/Scam,avium.bond
Phishing/Scam,www.bullsapesproj.bond
Phishing/Scam,infinigods.cyou
Phishing/Scam,www.avium.bond
Phishing/Scam,www.mv3.biz
Phishing/Scam,bullsapesproj.bond
Phishing/Scam,witchesnft.xyz
Phishing/Scam,hape.bar
Phishing/Scam,www.pudgypenguins.cyou
Phishing/Scam,rugradio.bond
Phishing/Scam,www.jadu.top
Phishing/Scam,www.embersword.cyou
Phishing/Scam,www.rugradio.bond
Phishing/Scam,embersword.cyou
Phishing/Scam,www.webaverse.cyou
Phishing/Scam,www.hape.bar
Phishing/Scam,worldofmythesda.fun
Phishing/Scam,mail.onchainbuccaneer.com
Phishing/Scam,mail.metroverseland.com
Phishing/Scam,crypto888crypto.xyz
Phishing/Scam,joyridegames.xyz
Phishing/Scam,newherenft.xyz
Phishing/Scam,hausphases.xyz
Phishing/Scam,swampversenfts.xyz
Phishing/Scam,tribeodyssey.xyz
Phishing/Scam,tribepassnft.xyz
Phishing/Scam,cosamonstranfts.xyz
Phishing/Scam,beyondearthnft.xyz
Phishing/Scam,metawizards-freemint.xyz
Phishing/Scam,artifaction2.xyz
Phishing/Scam,cryptomonkz.xyz
Phishing/Scam,goblintowners.com
Phishing/Scam,farm2earn-dapp.com
Phishing/Scam,osfnfts.xyz
Phishing/Scam,rtfktofficial.xyz
Phishing/Scam,cybersnails.xyz
Phishing/Scam,theapehaterclub.xyz
Phishing/Scam,cameopassnft.xyz
Phishing/Scam,froggyfriends.xyz
Phishing/Scam,mail.igloosgenesis.com
Phishing/Scam,metroverseland.com
Phishing/Scam,mail.creawearables.xyz
Phishing/Scam,creawearables.xyz
Phishing/Scam,www.shrinemaiden.xyz
Phishing/Scam,unxdnft.xyz
Phishing/Scam,akumudragonznft.xyz
Phishing/Scam,regularsnft.xyz
Phishing/Scam,trippytoadznft.xyz
Phishing/Scam,cloneforcetm.xyz
Phishing/Scam,apegangnft.xyz
Phishing/Scam,megaminft.xyz
Phishing/Scam,shitversenft.xyz
Phishing/Scam,atlanticapes.xyz
Phishing/Scam,cryptobatznft.xyz
Phishing/Scam,wagdie-freemint.xyz
Phishing/Scam,beyondearthnft-freemint.xyz
Phishing/Scam,vandalcitycorps.com
Phishing/Scam,exomon.shop
Phishing/Scam,multibeasts-mints.netlify.app
Phishing/Scam,pixelgenii.xyz
Phishing/Scam,modernist-nft.com
Phishing/Scam,arties-nft.com
Phishing/Scam,kiracorp-nft.com
Phishing/Scam,blocktones-nft.com
Phishing/Scam,lost-realms-nft.com
Phishing/Scam,gobliintown.xyz
Phishing/Scam,renga.tv
Phishing/Scam,restless-nft.com
Phishing/Scam,xn--ooksrare-mnb.com
Phishing/Scam,anomuregame.com
Phishing/Scam,app.pethub.network
Phishing/Scam,www.yieldfarmingmaxpro.com
Phishing/Scam,twitterscan.your-mint.live
Phishing/Scam,panel.metaverser.me
Phishing/Scam,juiceguttercatgangcom.xyz
Phishing/Scam,xn--ooksrare-mnb.net
Phishing/Scam,www.anomuregame.com
Phishing/Scam,eth-20ach.com
Phishing/Scam,pourkoko-nft.com
Phishing/Scam,proof.minting-tool.com
Phishing/Scam,xn--pxels-n4a.xyz
Phishing/Scam,scoobs-mint.nftverse.sbs
Phishing/Scam,dios-nft.com
Phishing/Scam,vivity-nft.com
Phishing/Scam,sappysealsnft.xyz
Phishing/Scam,onchainmonkeynfts.xyz
Phishing/Scam,metakongznft.xyz
Phishing/Scam,mail.tritonpass.org
Phishing/Scam,hapesocialnft.xyz
Phishing/Scam,sychedelicnft.xyz
Phishing/Scam,freemint-neotokyo.xyz
Phishing/Scam,server-7-collab.land
Phishing/Scam,official-posersnft.netlify.app
Phishing/Scam,amto.site
Phishing/Scam,memeland.whitlist-minting.com
Phishing/Scam,galagameis.xyz
Phishing/Scam,supremekongnfts.xyz
Phishing/Scam,anomuragame.claims
Phishing/Scam,mdai.io
Phishing/Scam,bedans.io
Phishing/Scam,stonerapeclub.claims
Phishing/Scam,gmstudios-catharsis.art
Phishing/Scam,thesaudinft.io
Phishing/Scam,bapetavere.xyz
Phishing/Scam,bountybotz.co
Phishing/Scam,crypto-multichain.net
Phishing/Scam,multichain-crypto.net
Phishing/Scam,guttercatgangs.xyz
Phishing/Scam,gmstudio.netlify.app
Phishing/Scam,pacmannft.xyz
Phishing/Scam,immutable.com.msbuniversal.com
Phishing/Scam,connectit-collab.land
Phishing/Scam,connect-collabland.live
Phishing/Scam,start-collab.land
Phishing/Scam,worldofpepenft.com
Phishing/Scam,grumpl.xn--goblntown-ypb.net
Phishing/Scam,nickelodeon.mint-instantly.io
Phishing/Scam,truspad-bondly.com
Phishing/Scam,bestcoin-pad.org
Phishing/Scam,qobllmtown.wtf
Phishing/Scam,cryptonvest.vip
Phishing/Scam,degentooonz.com
Phishing/Scam,mintcastaways.com
Phishing/Scam,coinbasedefi.click
Phishing/Scam,forgotenrunes.xyz
Phishing/Scam,multi-coin.org
Phishing/Scam,microstrategy-gift.com
Phishing/Scam,tradeoffer.net
Phishing/Scam,ggboxs.com
Phishing/Scam,claim-mirror.xyz
Phishing/Scam,ascendex-sol.com
Phishing/Scam,coinbase-mining.com
Phishing/Scam,eth2autumn.com
Phishing/Scam,eventbycook.com
Phishing/Scam,msbuniversal.com
Phishing/Scam,cryptodickbutts.wl-mints.live
Phishing/Scam,goblendawn.wtf
Phishing/Scam,pudgymeta.com
Phishing/Scam,bubblepoppers.xyz
Phishing/Scam,www.0therslde.xyz
Phishing/Scam,taptaprev.wl-official.com
Phishing/Scam,zkmoney.org
Phishing/Scam,musk3dapp.com
Phishing/Scam,goblinchest.wtf
Phishing/Scam,aave-sr.xyz
Phishing/Scam,aave-v3top.com
Phishing/Scam,aave-v3serve.com
Phishing/Scam,www.ethmining.info
Phishing/Scam,binance-usdt.vip
Phishing/Scam,top-ethereum.com
Phishing/Scam,difimining-concept.com
Phishing/Scam,leverjdefi-concept.com
Phishing/Scam,bancor-serve.com
Phishing/Scam,bancor-concept.com
Phishing/Scam,usdt-eth-serve.com
Phishing/Scam,usdt-eth-top.com
Phishing/Scam,ethereum-space.com
Phishing/Scam,difimining-top.com
Phishing/Scam,ethereum-concept.com
Phishing/Scam,rengabox.app
Phishing/Scam,3-server-colab.land
Phishing/Scam,www.invlsiblefriends.io
Phishing/Scam,digidaigaku.mintyournfts.live
Phishing/Scam,2-server-collab.land
Phishing/Scam,connect-collabland.xyz
Phishing/Scam,cryptolegends.store
Phishing/Scam,crypto-usdt.top
Phishing/Scam,main-collab.land
Phishing/Scam,3-server-collab.land
Phishing/Scam,cozies-mint.com
Phishing/Scam,claim-nft.xyz
Phishing/Scam,get-2x.com
Phishing/Scam,ether2x-bonus.org
Phishing/Scam,angrycat-official-mint.netlify.app
Phishing/Scam,a-kid-called-beast-mint.com
Phishing/Scam,limited-mint.online
Phishing/Scam,ethereumbuterin.com
Phishing/Scam,bounty-hunters-pvp-mint.com
Phishing/Scam,ethereum-kar.com
Phishing/Scam,ethereum-start.com
Phishing/Scam,ethereum-serve.com
Phishing/Scam,rtfkt.with-mint.com
Phishing/Scam,www.claim-mirror.xyz
Phishing/Scam,www.pixelgenii.xyz
Phishing/Scam,aireinss.wl-web.co
Phishing/Scam,swaggywhales.wl-web.co
Phishing/Scam,weirdpeople.wl-web.co
Phishing/Scam,bestfriend.wl-web.co
Phishing/Scam,finiliar.pre-mint.cc
Phishing/Scam,metapassport.wl-limit.com
Phishing/Scam,astrobotsociety.wl-official.com
Phishing/Scam,sushicats.wl-official.com
Phishing/Scam,realmetaverse.wl-official.com
Phishing/Scam,kaijukongz.wl-official.com
Phishing/Scam,kungfungus.wl-official.com
Phishing/Scam,zenlion.wl-official.com
Phishing/Scam,dogeskulls.wl-official.com
Phishing/Scam,mirsofspace.wl-limit.com
Phishing/Scam,www.cryptoaffiliaterewards.com
Phishing/Scam,www.sarabi.freeclaim.live
Phishing/Scam,www.staking-eth.net
Phishing/Scam,1-server-collab.land
Phishing/Scam,www.foxfamclaim.com
Phishing/Scam,verify-token.com
Phishing/Scam,xn--etheeum-job.org
Phishing/Scam,server-15-collab.land
Phishing/Scam,server-16-collab.land
Phishing/Scam,nft-uniswap.info
Phishing/Scam,authentification-collab.land
Phishing/Scam,www.wombat.freeclaim.live
Phishing/Scam,pandude-mint.com
Phishing/Scam,lilpudgypenguins.com
Phishing/Scam,bancoracdeth.com
Phishing/Scam,bancorsand.com
Phishing/Scam,rengamarketplace.app
Phishing/Scam,mana.ethanmana.cc
Phishing/Scam,ethmana.ethanmana.top
Phishing/Scam,staking-eth.net
Phishing/Scam,gangstamice.wl-official.com
Phishing/Scam,invsblefriends-3d.com
